Name,Gender,Age,Company,Years of Experience,Job Applied For,Hired
Jennifer Benson,Non-binary,39,InnovaCorp,1,Sales Associate,No
Sean Jensen,Male,25,HealthSync,2,UX Designer,No
Vickie Hayes,Non-binary,30,EcoWave,1,Software Engineer,No
Susan Barnes,Non-binary,48,EduSmart,22,Data Scientist,No
Christopher Fleming,Male,40,EduSmart,0,Data Scientist,Yes
Deborah Johnson,Female,54,TechNova,13,Software Engineer,No
Shawna Black,Female,26,EcoWave,1,Software Engineer,No
Lauren Reed,Female,39,HealthSync,13,Sales Associate,No
Henry Scott,Male,26,EduSmart,0,Sales Associate,No
Geoffrey Doyle,Non-binary,49,EcoWave,6,Product Manager,Yes
Jennifer Cummings,Female,24,HealthSync,0,Marketing Analyst,Yes
Kenneth Bell,Non-binary,48,AgriTech,4,Product Manager,No
Barbara Garcia,Non-binary,29,InnovaCorp,0,Product Manager,No
Bryan Smith,Non-binary,46,Finovate,19,UX Designer,Yes
Megan Parker,Non-binary,44,HealthSync,11,UX Designer,No
Dawn Lopez,Non-binary,37,HealthSync,10,Marketing Analyst,Yes
Janice Carey,Female,24,TechNova,2,Data Scientist,Yes
Luis Gray,Non-binary,41,EcoWave,0,Marketing Analyst,Yes
Noah Mcknight,Male,45,TechNova,4,Product Manager,Yes
Jeremiah Williams,Non-binary,37,AgriTech,7,Data Scientist,No
Kara Conley,Female,29,Finovate,4,UX Designer,Yes
Daniel Carter,Male,57,EduSmart,31,Marketing Analyst,Yes
Rodney Parker,Male,26,InnovaCorp,2,Software Engineer,Yes
Ashley Williams,Female,30,EcoWave,2,Marketing Analyst,No
Nancy Johnson,Female,47,InnovaCorp,18,Business Analyst,No
Kimberly Turner,Female,39,EduSmart,7,Data Scientist,Yes
Thomas Conway,Male,34,EcoWave,3,Software Engineer,No
Dalton Chandler,Non-binary,32,AgriTech,2,Sales Associate,Yes
Christopher Mora,Male,29,Finovate,1,Software Engineer,Yes
Ryan Brown,Non-binary,23,TechNova,1,Product Manager,Yes
Aaron Harper,Male,51,InnovaCorp,30,Data Scientist,Yes
Virginia Scott,Female,39,AgriTech,17,Marketing Analyst,No
Megan Campos DDS,Non-binary,50,TechNova,24,Product Manager,Yes
Daniel Moore,Male,35,HealthSync,2,Data Scientist,No
Teresa Johnson,Female,57,EcoWave,23,Business Analyst,Yes
Jeffery Jones,Non-binary,57,HealthSync,31,Marketing Analyst,No
Gary Gonzalez,Male,60,AgriTech,38,Sales Associate,No
Jason Middleton,Non-binary,35,InnovaCorp,0,Business Analyst,No
Michele Flores,Female,27,HealthSync,7,Software Engineer,No
Jason Olson,Male,58,AgriTech,21,UX Designer,No
Sarah Archer,Female,37,EduSmart,8,Marketing Analyst,Yes
Janet Decker,Non-binary,41,EduSmart,3,Business Analyst,No
James King,Male,56,InnovaCorp,28,Data Scientist,Yes
Tammy Cabrera,Female,41,AgriTech,9,Sales Associate,No
Johnny Calderon,Male,22,AgriTech,0,Business Analyst,Yes
Lisa Mitchell,Female,25,EduSmart,3,Sales Associate,Yes
Carla Dyer,Female,57,EduSmart,18,Software Engineer,No
Shelby Cunningham,Female,24,Finovate,4,Product Manager,Yes
Ashley Matthews,Female,31,TechNova,4,Business Analyst,No
Steven Graham,Male,33,HealthSync,3,Software Engineer,No
Mark Ward,Male,40,Finovate,8,Data Scientist,Yes
Christine Garcia,Non-binary,28,EduSmart,1,Sales Associate,No
Johnny Watkins,Male,40,TechNova,7,Marketing Analyst,No
John Phillips,Male,27,InnovaCorp,7,Sales Associate,No
Michael Trujillo,Male,31,Finovate,5,UX Designer,No
Joshua Alexander,Non-binary,51,Finovate,21,Marketing Analyst,No
Richard Martinez,Male,22,TechNova,2,UX Designer,Yes
Natalie Phillips,Non-binary,24,Finovate,3,UX Designer,No
Cody Reilly,Male,38,InnovaCorp,13,Software Engineer,No
Jeffrey Williams,Male,60,AgriTech,35,Marketing Analyst,No
Joshua Guerrero,Male,22,AgriTech,0,Sales Associate,No
Jesse Lopez,Male,33,InnovaCorp,13,Product Manager,No
Christopher Lewis,Non-binary,53,InnovaCorp,12,Product Manager,No
Steve Reed,Male,26,AgriTech,0,Software Engineer,Yes
Kenneth Cunningham,Male,59,InnovaCorp,26,UX Designer,Yes
George Figueroa,Male,41,EduSmart,0,UX Designer,Yes
Bruce Perez,Male,41,InnovaCorp,13,Business Analyst,Yes
Brooke Robertson DDS,Female,35,InnovaCorp,11,Data Scientist,No
Terri Johnson,Non-binary,50,Finovate,22,Sales Associate,Yes
Mrs. Mallory Russo,Female,55,TechNova,32,Sales Associate,No
Curtis Howard,Non-binary,56,TechNova,9,Marketing Analyst,No
Samuel Thompson,Male,35,Finovate,0,Business Analyst,No
Angela Sanchez,Non-binary,27,AgriTech,0,UX Designer,No
Kyle York,Male,49,EduSmart,23,Product Manager,Yes
Maria Foley,Female,34,AgriTech,9,UX Designer,Yes
Kelly Phillips,Female,49,InnovaCorp,1,Software Engineer,No
Michael Duncan MD,Male,52,HealthSync,0,Marketing Analyst,Yes
Michelle Kennedy,Female,26,InnovaCorp,5,Marketing Analyst,No
Chris Booker,Non-binary,59,EcoWave,0,Business Analyst,No
Nancy Delgado,Female,25,EduSmart,5,Marketing Analyst,No
James Moore,Male,44,TechNova,11,Business Analyst,No
Robert Ramirez,Non-binary,43,EcoWave,17,Sales Associate,Yes
Julie Armstrong,Non-binary,58,EcoWave,25,Product Manager,No
Thomas Rodriguez,Male,39,AgriTech,5,UX Designer,No
Aaron Foster,Male,42,EcoWave,12,Marketing Analyst,Yes
Michael Miller,Male,23,EduSmart,2,Business Analyst,No
Diane Mullen,Non-binary,42,EduSmart,5,Marketing Analyst,No
Sarah Bradley,Female,40,Finovate,8,Data Scientist,No
Eric Harris,Non-binary,30,AgriTech,10,Sales Associate,Yes
Jorge Conley,Non-binary,55,EduSmart,11,Software Engineer,No
Lauren Cruz,Non-binary,37,Finovate,15,Software Engineer,Yes
Terry Pierce,Non-binary,49,InnovaCorp,10,Product Manager,Yes
Matthew Gregory,Male,40,HealthSync,16,Software Engineer,Yes
Kayla Brown,Female,45,EduSmart,13,Data Scientist,Yes
Mark Flores,Male,54,InnovaCorp,32,UX Designer,No
Rebecca Wheeler,Female,30,EduSmart,10,UX Designer,No
Kimberly Barron,Female,36,InnovaCorp,12,Software Engineer,Yes
Jeremy Walker,Non-binary,39,InnovaCorp,13,Marketing Analyst,Yes
Jamie Thomas,Female,34,HealthSync,2,Data Scientist,Yes
Anthony Ramsey,Male,30,AgriTech,1,Sales Associate,No
Victoria Stout,Female,32,AgriTech,12,Data Scientist,Yes
Nicholas Moody,Male,46,InnovaCorp,7,Product Manager,Yes
Harry Padilla,Male,32,AgriTech,3,UX Designer,Yes
Daniel Green,Male,44,HealthSync,17,Software Engineer,No
Rodney Warren,Male,45,HealthSync,25,Data Scientist,Yes
Stephanie White,Female,37,InnovaCorp,11,Marketing Analyst,No
Donna Bruce,Female,46,EduSmart,9,UX Designer,Yes
Steven Black,Male,57,TechNova,8,Business Analyst,Yes
Kevin Gilbert,Male,46,HealthSync,16,Software Engineer,Yes
Alexander Pace,Male,60,InnovaCorp,32,Software Engineer,No
Beth Blackwell,Female,47,EduSmart,26,Marketing Analyst,Yes
Laura Kirk,Female,24,AgriTech,0,Business Analyst,No
Alexander Waters,Male,27,HealthSync,1,UX Designer,No
Christopher Jackson,Male,43,HealthSync,10,UX Designer,No
Rachel Roberts,Female,56,InnovaCorp,34,Data Scientist,Yes
Michael Reeves,Non-binary,22,AgriTech,1,Product Manager,Yes
Rachel Olsen,Female,43,EcoWave,1,Product Manager,No
Brittany Norris,Female,38,InnovaCorp,15,Marketing Analyst,No
Reginald Orozco,Non-binary,40,InnovaCorp,4,Sales Associate,Yes
Jose Adams,Male,57,InnovaCorp,25,Marketing Analyst,Yes
Robert Atkins,Male,51,AgriTech,26,Sales Associate,Yes
Michael Roberts,Male,46,EcoWave,2,Software Engineer,Yes
Willie Sanford,Non-binary,37,EduSmart,5,UX Designer,Yes
Mark Jordan,Male,53,HealthSync,30,Sales Associate,Yes
Blake Smith,Male,33,Finovate,12,Software Engineer,Yes
Stacey Fitzpatrick,Female,43,TechNova,14,Product Manager,Yes
Shari Salazar,Female,58,Finovate,8,Business Analyst,Yes
Brian Wade,Non-binary,31,HealthSync,1,UX Designer,Yes
Cindy Evans,Non-binary,46,TechNova,3,Product Manager,No
Mrs. Margaret Hernandez,Non-binary,56,TechNova,12,Business Analyst,No
Lynn Allison,Female,37,AgriTech,7,Sales Associate,Yes
Kelly Williams,Female,55,TechNova,3,Product Manager,No
Peter Carney,Non-binary,57,HealthSync,2,Data Scientist,No
Patrick Valentine,Male,59,EcoWave,21,Marketing Analyst,Yes
Margaret Cooke,Non-binary,45,EcoWave,6,Business Analyst,Yes
Jade Stanley,Female,33,Finovate,5,Data Scientist,No
David Mcdaniel,Male,32,HealthSync,4,Data Scientist,Yes
Melanie Villarreal,Female,58,EduSmart,19,Data Scientist,Yes
Robert Reid,Male,35,EcoWave,5,UX Designer,No
Miss Christine Smith DDS,Non-binary,36,HealthSync,13,Business Analyst,No
Melanie Jimenez,Female,48,HealthSync,25,Software Engineer,No
Madeline Ray,Non-binary,56,InnovaCorp,30,Sales Associate,Yes
Lisa Wells,Female,35,AgriTech,13,Sales Associate,Yes
Todd Hoffman,Male,52,EcoWave,31,Marketing Analyst,No
Rachel Nelson,Female,54,TechNova,33,Product Manager,No
Jodi White,Non-binary,50,EduSmart,9,Business Analyst,Yes
Jacob King,Male,41,AgriTech,13,Software Engineer,No
Adrian Avila,Male,27,InnovaCorp,1,Software Engineer,Yes
Larry Allen,Male,21,Finovate,0,Software Engineer,No
Vincent Fox,Non-binary,26,InnovaCorp,0,Marketing Analyst,Yes
Karen Black,Non-binary,40,AgriTech,11,Data Scientist,Yes
Ruth Wang,Non-binary,37,HealthSync,8,Sales Associate,Yes
Courtney Rogers,Female,56,EcoWave,7,Business Analyst,No
Roberta Lee,Female,39,Finovate,7,Product Manager,No
Jason Lewis,Male,27,Finovate,3,Software Engineer,Yes
Amanda Petersen,Non-binary,22,Finovate,2,Product Manager,No
Brent Mitchell,Non-binary,28,EduSmart,2,Marketing Analyst,No
Nicholas Lane,Male,60,HealthSync,29,UX Designer,No
Kristina Thomas,Female,36,HealthSync,11,Product Manager,No
Jeffery Farmer,Male,26,InnovaCorp,0,Software Engineer,No
Elizabeth Edwards,Non-binary,58,EcoWave,3,UX Designer,Yes
Andrea Murphy,Female,46,HealthSync,24,Business Analyst,No
Lance Jones,Non-binary,25,TechNova,1,Marketing Analyst,Yes
Debra Hanson,Female,28,EduSmart,5,Product Manager,Yes
Jaime Curtis,Non-binary,43,AgriTech,10,Business Analyst,Yes
Richard Davis,Non-binary,46,HealthSync,8,UX Designer,Yes
Denise Schmidt,Female,38,EduSmart,7,Sales Associate,No
Cindy Mendez,Non-binary,28,HealthSync,5,Business Analyst,No
Rebecca Henderson,Non-binary,38,EduSmart,12,Business Analyst,No
Autumn Duffy,Non-binary,56,TechNova,12,Product Manager,No
Rebecca Hamilton,Female,30,EduSmart,8,Marketing Analyst,Yes
Cathy Cobb,Female,33,EcoWave,10,Data Scientist,Yes
Melinda Pierce,Female,35,HealthSync,6,Business Analyst,Yes
Scott Johnson,Male,21,InnovaCorp,0,Sales Associate,Yes
William Smith,Male,43,EcoWave,3,Sales Associate,No
Michael Wood,Male,55,Finovate,9,Software Engineer,Yes
Jessica James,Non-binary,34,TechNova,9,UX Designer,No
George Robinson,Male,34,TechNova,12,UX Designer,No
Colleen Greer,Non-binary,54,EcoWave,23,Product Manager,Yes
Brenda Smith,Female,32,HealthSync,6,UX Designer,Yes
Joshua Chapman,Non-binary,48,AgriTech,4,Product Manager,No
Hunter Rivera,Male,43,EcoWave,18,Data Scientist,No
Steven Obrien,Male,49,AgriTech,12,Business Analyst,Yes
Tonya Williams,Female,29,EcoWave,9,Software Engineer,Yes
Adrian Sanchez,Non-binary,49,TechNova,22,Product Manager,Yes
Tracy Poole,Female,60,TechNova,1,Data Scientist,No
Joe Hunt,Non-binary,53,TechNova,30,Product Manager,No
Cynthia Raymond,Non-binary,21,TechNova,0,Software Engineer,No
Angela Avila,Female,44,AgriTech,10,UX Designer,No
Elizabeth Garcia,Female,57,EcoWave,3,Marketing Analyst,Yes
Robert Thompson,Male,28,Finovate,4,Marketing Analyst,No
Laura Gray,Non-binary,45,HealthSync,18,Sales Associate,Yes
Pamela Ferguson,Non-binary,24,AgriTech,2,Product Manager,No
Ashley Gonzalez,Non-binary,47,Finovate,9,Sales Associate,Yes
Erin Rosario,Non-binary,22,AgriTech,1,Software Engineer,No
Daniel Taylor,Male,26,TechNova,6,Sales Associate,Yes
Raymond Parrish,Male,50,EcoWave,25,Marketing Analyst,Yes
Raymond Turner,Male,38,TechNova,16,Sales Associate,No
Tamara Sullivan,Female,45,HealthSync,3,Software Engineer,No
Beth Sandoval,Non-binary,27,EduSmart,6,Business Analyst,Yes
Erin Greer,Female,22,EduSmart,1,Business Analyst,Yes
Bryan Brown,Male,42,AgriTech,5,Software Engineer,No
David Eaton,Non-binary,54,TechNova,19,UX Designer,Yes
Ryan Crane,Male,55,EcoWave,33,Sales Associate,No
Michael Gomez,Non-binary,26,EcoWave,3,Sales Associate,Yes
Mitchell Howard,Non-binary,51,InnovaCorp,23,Data Scientist,Yes
Marcus Olson,Male,28,Finovate,6,Sales Associate,Yes
Tracy Baker,Female,51,InnovaCorp,6,Business Analyst,Yes
Christina Peterson,Non-binary,37,AgriTech,5,Sales Associate,Yes
Erica Hancock,Non-binary,45,TechNova,2,Software Engineer,No
Teresa Lutz,Female,48,Finovate,6,Marketing Analyst,Yes
Stephen Johnson,Non-binary,50,EduSmart,1,Software Engineer,No
Teresa Benson,Female,30,TechNova,0,UX Designer,No
Amanda Watkins,Female,38,Finovate,17,Software Engineer,No
William Hill,Non-binary,41,HealthSync,0,UX Designer,No
Jessica Hale,Non-binary,46,EduSmart,21,UX Designer,Yes
Christopher Murphy,Male,60,Finovate,2,Software Engineer,No
Christopher Vazquez,Male,45,HealthSync,18,Product Manager,No
Shane Jackson,Non-binary,47,InnovaCorp,0,Software Engineer,No
Matthew George Jr.,Non-binary,48,InnovaCorp,25,Data Scientist,Yes
Jared Brown DDS,Non-binary,47,InnovaCorp,5,UX Designer,Yes
Crystal Adams,Non-binary,41,InnovaCorp,8,Product Manager,Yes
Shannon Cisneros,Non-binary,43,EcoWave,17,Product Manager,Yes
Vickie Cook,Non-binary,48,TechNova,11,UX Designer,No
Jeffrey Perez,Male,32,Finovate,6,UX Designer,No
Bradley Garner,Non-binary,53,HealthSync,25,UX Designer,No
Latoya Reese,Non-binary,58,InnovaCorp,31,UX Designer,No
Melissa Mack DVM,Female,38,EcoWave,6,Sales Associate,No
Robert Thompson,Male,55,TechNova,5,Software Engineer,Yes
Richard Summers,Non-binary,34,Finovate,12,Marketing Analyst,Yes
Robert Lucas,Non-binary,49,EduSmart,9,UX Designer,No
Joshua Edwards,Male,35,TechNova,5,UX Designer,No
Eddie Hughes,Male,35,HealthSync,8,Product Manager,Yes
Danielle Porter,Female,55,AgriTech,21,UX Designer,No
Julie Bonilla,Female,55,TechNova,12,Software Engineer,Yes
Emily Anderson DDS,Female,33,InnovaCorp,10,Data Scientist,Yes
Rachel Fox,Female,47,AgriTech,2,Data Scientist,No
Maureen Cuevas,Female,28,Finovate,2,Data Scientist,Yes
Ryan Davis,Male,58,Finovate,2,Product Manager,Yes
Jason Anderson,Male,34,AgriTech,14,Business Analyst,No
Teresa Little,Female,49,TechNova,8,Software Engineer,No
Joyce Thomas,Female,48,HealthSync,2,Marketing Analyst,Yes
Christina Moore DVM,Female,24,TechNova,0,Business Analyst,Yes
David Frederick,Male,53,AgriTech,19,Marketing Analyst,Yes
Michael Waller,Male,39,InnovaCorp,19,Software Engineer,Yes
Mariah Perez,Female,41,EduSmart,19,UX Designer,No
William Yates,Male,33,EcoWave,1,Data Scientist,Yes
Christian Reynolds,Non-binary,54,AgriTech,26,Data Scientist,No
Valerie Taylor,Female,23,AgriTech,0,Marketing Analyst,No
Richard Wilson,Non-binary,29,EcoWave,0,Marketing Analyst,Yes
Mark Henderson,Male,49,EduSmart,3,UX Designer,Yes
Richard Schultz,Male,22,Finovate,1,Software Engineer,Yes
David Mitchell,Non-binary,57,EcoWave,7,Sales Associate,Yes
Andrew Wood,Male,54,AgriTech,18,Sales Associate,No
Kimberly Phillips,Female,24,HealthSync,2,Sales Associate,No
David Meza,Male,21,AgriTech,1,Sales Associate,No
Claire Luna,Female,43,EcoWave,15,Business Analyst,No
Yvonne Calhoun,Female,47,InnovaCorp,24,Data Scientist,Yes
Dustin Johnson,Male,21,InnovaCorp,0,Product Manager,No
Cynthia Walker,Female,45,HealthSync,12,Data Scientist,No
Eddie Phillips,Non-binary,34,EcoWave,6,Software Engineer,No
Christopher Meadows,Male,31,TechNova,2,Sales Associate,Yes
Nicholas Smith,Male,29,EduSmart,1,Sales Associate,No
Connie Rocha,Female,43,Finovate,15,Product Manager,Yes
Rachael Richardson,Female,21,TechNova,0,UX Designer,Yes
James Woods,Non-binary,48,EduSmart,24,Business Analyst,No
Daniel King,Male,21,EcoWave,1,Business Analyst,Yes
Michael Reyes,Male,29,Finovate,0,Business Analyst,No
Laura Boone,Non-binary,47,EduSmart,4,Business Analyst,Yes
Carolyn Goodman,Non-binary,38,EcoWave,18,Business Analyst,No
Megan Bartlett,Female,32,AgriTech,8,Data Scientist,No
Jessica Kline,Female,42,AgriTech,13,Sales Associate,Yes
Katherine Spencer,Female,38,EcoWave,3,UX Designer,Yes
Joshua Rodriguez,Male,32,AgriTech,8,Product Manager,No
Ann Johnson,Female,50,HealthSync,16,Business Analyst,No
Ian Jenkins,Male,25,HealthSync,3,Product Manager,Yes
Robert Lee,Non-binary,58,InnovaCorp,33,Data Scientist,No
Jeffery Graham,Non-binary,45,Finovate,24,Data Scientist,Yes
Scott Hill,Non-binary,48,InnovaCorp,9,Business Analyst,No
Pamela Hunt,Non-binary,26,Finovate,5,Product Manager,Yes
Thomas Davis,Male,49,HealthSync,28,UX Designer,No
Yvette Daniels,Female,43,EduSmart,0,Product Manager,Yes
Becky Franco,Female,56,AgriTech,18,Sales Associate,Yes
Mary Banks,Non-binary,56,EcoWave,27,Product Manager,Yes
Robert Kane,Male,41,EduSmart,4,Software Engineer,Yes
Elizabeth Atkins,Female,51,HealthSync,15,Product Manager,No
Christopher Wood,Male,23,AgriTech,1,Marketing Analyst,No
Jill Nelson,Female,53,EduSmart,4,Business Analyst,Yes
Joel Guerrero,Male,32,AgriTech,1,Marketing Analyst,Yes
Chad Fisher,Male,30,AgriTech,10,UX Designer,Yes
Juan Owens,Non-binary,23,EcoWave,2,Sales Associate,No
Shelley Browning,Female,31,TechNova,6,Business Analyst,Yes
Christopher Mann,Male,34,Finovate,1,Marketing Analyst,Yes
Bryan Gamble,Male,33,AgriTech,6,Software Engineer,No
Claudia Mccann,Female,42,HealthSync,6,Data Scientist,Yes
Jennifer Simmons,Female,26,TechNova,1,Business Analyst,No
Susan Alvarado,Female,25,EcoWave,4,Software Engineer,No
Gina Richardson,Female,44,TechNova,14,Sales Associate,No
Rachel Benjamin,Non-binary,23,TechNova,3,Marketing Analyst,Yes
William Frazier,Male,25,InnovaCorp,0,Data Scientist,No
Jacob Douglas,Non-binary,49,TechNova,0,UX Designer,Yes
Alexis Ramos,Male,28,TechNova,0,UX Designer,Yes
Nicole Edwards,Female,40,AgriTech,15,Software Engineer,Yes
Brandon Rosario DDS,Non-binary,59,Finovate,9,UX Designer,Yes
Tracey Clark,Female,24,Finovate,2,Business Analyst,No
Mrs. Vanessa Thomas,Female,21,Finovate,1,Data Scientist,Yes
Melvin Fleming,Non-binary,35,HealthSync,13,Business Analyst,No
Kevin Rasmussen,Non-binary,58,TechNova,14,Sales Associate,Yes
Robert Williams,Male,22,EduSmart,2,Data Scientist,No
Donna Khan,Female,57,EcoWave,3,Software Engineer,Yes
Ronnie Hamilton,Non-binary,36,Finovate,10,Product Manager,No
Trevor Wang,Male,33,Finovate,5,Marketing Analyst,Yes
Robert Fox,Male,51,EduSmart,16,Business Analyst,Yes
Shawn Hogan,Non-binary,54,EduSmart,4,Business Analyst,Yes
Scott Ponce,Male,33,HealthSync,2,Data Scientist,Yes
Erin Lopez,Female,31,AgriTech,10,Marketing Analyst,Yes
Ariel Lyons,Non-binary,25,TechNova,0,Data Scientist,No
Jose Williamson,Male,51,InnovaCorp,3,Software Engineer,Yes
Mark Martin,Male,58,EcoWave,29,Data Scientist,No
Rhonda Lindsey,Non-binary,39,HealthSync,1,Product Manager,Yes
Sharon Brown,Female,41,EduSmart,6,UX Designer,Yes
Rachel Clay,Female,30,HealthSync,8,UX Designer,Yes
Brittany Cole,Female,50,TechNova,6,Product Manager,Yes
William Keith,Non-binary,50,InnovaCorp,21,Sales Associate,Yes
Roger Allen,Male,29,EcoWave,9,Sales Associate,No
Joseph Watts,Non-binary,40,Finovate,18,Data Scientist,No
Christine Perez,Non-binary,34,Finovate,12,UX Designer,Yes
Anna Miller,Female,42,EduSmart,13,Sales Associate,No
Elizabeth Mitchell,Female,54,HealthSync,14,Marketing Analyst,Yes
Robin Price,Non-binary,46,AgriTech,5,Sales Associate,Yes
Kevin Sanders,Male,60,InnovaCorp,12,Sales Associate,No
David Osborne,Non-binary,49,EduSmart,9,Marketing Analyst,Yes
Jesus Yates,Non-binary,43,InnovaCorp,4,Software Engineer,No
Dr. Christina Garcia,Female,37,Finovate,4,Product Manager,No
Michael Murphy,Male,47,AgriTech,20,Data Scientist,No
Christopher Lewis,Male,52,HealthSync,13,UX Designer,No
Matthew Perez,Male,37,EcoWave,0,Data Scientist,No
Michael Bryant,Non-binary,45,EduSmart,2,Product Manager,Yes
Robin Bernard,Non-binary,49,EduSmart,5,Marketing Analyst,No
Alexander Smith,Male,24,EcoWave,3,Sales Associate,No
John Williams,Male,30,InnovaCorp,8,Sales Associate,No
Thomas Taylor,Non-binary,41,InnovaCorp,1,Marketing Analyst,No
Anthony Decker,Non-binary,30,AgriTech,9,UX Designer,Yes
Michael Thompson,Male,57,AgriTech,29,Software Engineer,No
Diana Ibarra,Female,57,InnovaCorp,26,Software Engineer,Yes
Whitney Miller,Female,60,InnovaCorp,39,Business Analyst,Yes
David Evans,Male,54,TechNova,12,UX Designer,No
Jessica Miller,Female,40,AgriTech,1,Software Engineer,Yes
Timothy Rivera,Male,43,InnovaCorp,9,Software Engineer,Yes
Jeffrey Williams,Male,42,HealthSync,7,Data Scientist,Yes
Melissa Mcdonald,Female,44,InnovaCorp,23,Sales Associate,No
Kimberly Thomas,Female,54,TechNova,29,Business Analyst,No
Denise Kemp,Female,35,Finovate,9,Business Analyst,Yes
Keith Camacho,Male,21,TechNova,1,Data Scientist,Yes
Jeffery George,Male,43,InnovaCorp,11,UX Designer,No
Stacy Gamble,Female,21,EcoWave,1,Data Scientist,No
Fred Jones,Non-binary,23,InnovaCorp,1,UX Designer,No
Lindsey Hill,Female,38,InnovaCorp,3,Data Scientist,Yes
Sharon Bowers,Female,23,Finovate,1,Data Scientist,Yes
Aaron Perez,Male,54,InnovaCorp,20,Software Engineer,No
Kimberly Escobar,Female,52,HealthSync,11,Business Analyst,Yes
Jonathan Lee,Male,33,AgriTech,8,Marketing Analyst,No
Maria Schneider,Female,47,EcoWave,23,Business Analyst,Yes
Michael Acosta,Male,56,EduSmart,24,Data Scientist,Yes
Isaac Davis,Male,53,TechNova,8,Marketing Analyst,Yes
Nicholas Dunn,Non-binary,39,EcoWave,3,Data Scientist,No
Jorge Bell,Male,38,EcoWave,1,Business Analyst,No
Ashlee Jones,Non-binary,23,Finovate,1,Sales Associate,Yes
Matthew Blankenship,Male,49,AgriTech,1,UX Designer,No
Kelly Johnson,Female,42,Finovate,4,Marketing Analyst,No
Jeremy Klein,Non-binary,26,TechNova,3,UX Designer,Yes
Steven Strong,Male,30,AgriTech,7,Marketing Analyst,Yes
George Bridges,Male,37,InnovaCorp,14,Software Engineer,No
Dustin Baker MD,Male,36,Finovate,2,Product Manager,Yes
Jill Miller,Female,31,Finovate,6,Sales Associate,Yes
Lori Harris,Non-binary,31,EcoWave,7,UX Designer,Yes
Janet Mitchell,Female,41,EcoWave,8,Business Analyst,Yes
Carl Perry,Non-binary,26,InnovaCorp,1,Sales Associate,No
Amy Barron,Non-binary,48,InnovaCorp,17,Marketing Analyst,Yes
Tyler Jefferson,Male,46,EduSmart,11,Sales Associate,Yes
Carolyn Vazquez,Female,30,TechNova,7,UX Designer,Yes
Brian Shepherd,Non-binary,46,InnovaCorp,23,Business Analyst,Yes
Suzanne Dunn,Female,45,EduSmart,16,Data Scientist,Yes
David Cannon,Non-binary,24,AgriTech,1,Sales Associate,No
Andrea Mullins,Female,33,EcoWave,9,Product Manager,Yes
Sharon Coleman,Female,46,EduSmart,13,Data Scientist,Yes
Jennifer Parker,Female,40,AgriTech,16,Product Manager,No
Thomas Jones,Non-binary,42,EcoWave,13,UX Designer,No
Trevor Perkins,Male,28,Finovate,2,UX Designer,Yes
Ryan Ingram,Male,48,AgriTech,11,Product Manager,No
Jason Miller,Male,51,InnovaCorp,17,Marketing Analyst,No
Joseph Elliott,Male,48,Finovate,12,Data Scientist,No
Jill Benson,Non-binary,37,TechNova,4,Sales Associate,No
Angela Woods,Female,40,Finovate,20,Data Scientist,No
Jeremy Smith,Male,37,AgriTech,9,Software Engineer,No
Christopher Farrell,Non-binary,54,AgriTech,32,Sales Associate,No
Elizabeth Evans,Non-binary,55,Finovate,28,UX Designer,No
Mary Schaefer,Female,37,HealthSync,7,Sales Associate,No
Bridget Copeland,Female,29,HealthSync,7,Marketing Analyst,No
Emma Solis,Female,50,EduSmart,30,Software Engineer,Yes
Steven Rosales,Male,50,EduSmart,6,Software Engineer,Yes
Douglas Paul,Male,42,TechNova,20,Marketing Analyst,Yes
Laura Decker,Non-binary,48,EcoWave,1,Business Analyst,No
Tiffany Carter,Female,35,EduSmart,11,Product Manager,Yes
Krista Webb,Non-binary,42,HealthSync,3,Software Engineer,Yes
Lisa Davis,Female,38,AgriTech,15,Business Analyst,No
Brian Barrett,Male,54,EduSmart,24,Business Analyst,Yes
Oscar Rich,Non-binary,39,EcoWave,10,Marketing Analyst,No
Sean Donovan,Non-binary,24,EcoWave,1,Business Analyst,No
Danielle Rogers,Female,29,EduSmart,9,Sales Associate,Yes
Timothy Flores,Male,58,HealthSync,37,Data Scientist,Yes
Lisa Gray,Female,29,AgriTech,3,UX Designer,No
Mary Green,Female,23,EduSmart,1,Software Engineer,No
Matthew Alexander,Non-binary,57,EduSmart,17,Product Manager,No
Benjamin Johnson,Male,57,TechNova,11,Product Manager,No
Christine Wilson,Female,56,EduSmart,25,Software Engineer,No
Amy Carr,Female,31,AgriTech,9,UX Designer,No
Jonathan Briggs,Non-binary,27,InnovaCorp,0,Sales Associate,Yes
Sarah Hamilton,Female,43,TechNova,22,Software Engineer,Yes
Felicia Richards,Female,53,InnovaCorp,1,Business Analyst,Yes
Kim Espinoza,Female,30,HealthSync,1,Sales Associate,Yes
Helen Hays,Non-binary,43,EduSmart,16,Software Engineer,Yes
Emily Luna,Female,48,InnovaCorp,15,Sales Associate,No
Mary Holmes,Female,49,InnovaCorp,18,Product Manager,No
Maria Carter,Non-binary,37,TechNova,12,Software Engineer,No
Barbara Camacho,Female,24,EduSmart,3,Software Engineer,No
Sarah Bridges,Female,35,AgriTech,4,Sales Associate,No
Pamela Brown,Non-binary,60,EduSmart,8,Business Analyst,Yes
Adam Kelley,Male,22,EcoWave,0,Data Scientist,Yes
Jeremy Holt,Non-binary,34,AgriTech,6,Sales Associate,Yes
Angela Bennett,Female,52,HealthSync,5,Sales Associate,Yes
Crystal Moore,Non-binary,47,InnovaCorp,27,UX Designer,No
Dominic Gonzalez,Male,26,EcoWave,5,Marketing Analyst,No
Paula Richards,Female,34,HealthSync,6,Marketing Analyst,Yes
Ruben Shaw,Non-binary,58,InnovaCorp,36,Marketing Analyst,No
Cindy Harris,Non-binary,59,TechNova,27,Data Scientist,No
Alex Copeland,Male,29,HealthSync,3,Sales Associate,Yes
Ashley Shea,Female,47,HealthSync,3,Marketing Analyst,No
Wendy Irwin,Female,50,AgriTech,19,Data Scientist,No
Elizabeth Harrison,Female,58,TechNova,24,Sales Associate,No
Michael Mcguire,Non-binary,26,Finovate,2,Product Manager,Yes
Jeremy Weaver,Male,25,InnovaCorp,0,UX Designer,No
Levi Martin,Male,24,TechNova,4,Product Manager,No
Sherri Sullivan,Female,21,HealthSync,1,Data Scientist,Yes
Edward Mcgee,Male,47,InnovaCorp,20,Product Manager,Yes
Christina Miller,Non-binary,40,Finovate,13,Software Engineer,Yes
Diana Tran,Female,29,AgriTech,5,Sales Associate,Yes
Rhonda Bell,Non-binary,23,HealthSync,3,Marketing Analyst,No
Stacey Arnold,Non-binary,37,InnovaCorp,9,Sales Associate,Yes
Sara Green,Non-binary,26,InnovaCorp,6,Software Engineer,Yes
David Gomez,Non-binary,42,TechNova,9,Software Engineer,Yes
Gilbert Sparks,Male,60,HealthSync,6,Software Engineer,Yes
Taylor Lopez,Male,41,TechNova,15,Product Manager,No
Carolyn Smith,Non-binary,51,InnovaCorp,16,Marketing Analyst,Yes
Shannon Abbott,Female,28,EcoWave,3,Sales Associate,Yes
Jose Perry,Male,57,InnovaCorp,24,Sales Associate,Yes
Lisa Crane,Female,34,Finovate,4,Software Engineer,No
Derek Horton,Male,48,EcoWave,8,Business Analyst,No
Kimberly Taylor,Female,50,TechNova,10,Software Engineer,Yes
Larry Lewis,Male,43,EduSmart,22,Business Analyst,Yes
Pamela Gibson,Female,38,AgriTech,4,UX Designer,Yes
Lori Jordan,Non-binary,30,InnovaCorp,6,UX Designer,Yes
Alyssa Mills,Non-binary,58,TechNova,12,Data Scientist,No
Jerry Nelson,Non-binary,49,InnovaCorp,21,Sales Associate,No
Sarah Serrano,Female,52,EduSmart,25,Product Manager,Yes
Brandy Thomas,Female,57,HealthSync,9,Product Manager,No
Anthony Wagner,Non-binary,28,InnovaCorp,7,Product Manager,Yes
Margaret Vazquez,Female,57,TechNova,31,Sales Associate,Yes
Nancy Martinez,Female,39,TechNova,13,Marketing Analyst,No
Austin Roman,Male,45,Finovate,1,Software Engineer,Yes
Brandon Johnson,Non-binary,37,EduSmart,6,Data Scientist,Yes
Angel Mcintyre,Male,57,Finovate,31,Data Scientist,Yes
Joseph Richardson,Male,48,TechNova,16,Business Analyst,Yes
Edward Hendrix,Male,40,InnovaCorp,2,Business Analyst,Yes
John Patterson,Male,41,EduSmart,10,Marketing Analyst,No
Elizabeth James,Female,28,InnovaCorp,1,Sales Associate,Yes
Tony Smith,Male,23,EduSmart,2,Software Engineer,No
Zachary Parsons,Male,44,HealthSync,22,Business Analyst,No
Crystal Miller,Female,33,TechNova,13,Data Scientist,No
Matthew Freeman,Non-binary,57,AgriTech,6,Marketing Analyst,No
Amanda Andrews,Female,52,InnovaCorp,18,Sales Associate,Yes
Lacey Beck,Female,31,TechNova,11,UX Designer,Yes
Justin Stokes,Non-binary,32,TechNova,10,Marketing Analyst,No
Kevin Blake,Male,50,HealthSync,28,Sales Associate,Yes
Sophia Walters,Non-binary,31,InnovaCorp,11,Sales Associate,Yes
Robert Padilla,Male,24,EcoWave,3,Software Engineer,No
Scott Bradshaw,Male,57,AgriTech,3,Product Manager,Yes
Catherine Meyers,Non-binary,44,TechNova,12,Business Analyst,No
Tyler Keller,Male,42,InnovaCorp,9,Product Manager,No
Jamie Hernandez DDS,Non-binary,26,HealthSync,0,UX Designer,No
Debra Zimmerman,Female,56,InnovaCorp,23,Business Analyst,No
Robert Young,Male,30,InnovaCorp,6,Sales Associate,Yes
Joshua Mcmahon,Male,51,EcoWave,27,Software Engineer,Yes
Caitlin Franklin,Female,29,Finovate,9,UX Designer,Yes
Andrea Hudson,Female,43,TechNova,2,UX Designer,No
Monica Johnson,Female,50,AgriTech,14,Marketing Analyst,No
Aaron Hunter,Male,46,InnovaCorp,18,Business Analyst,Yes
Alex Richards,Male,47,AgriTech,1,Marketing Analyst,Yes
Melissa Roman DDS,Non-binary,23,EduSmart,3,Product Manager,No
Robert Sanchez,Male,46,InnovaCorp,25,Business Analyst,Yes
William Perry,Male,59,AgriTech,24,Marketing Analyst,Yes
Kayla Flores,Non-binary,50,EduSmart,5,Sales Associate,No
Marilyn Watkins,Female,38,InnovaCorp,7,Business Analyst,No
Chloe Johnson,Non-binary,34,AgriTech,6,Sales Associate,Yes
Tracey Diaz,Non-binary,35,EcoWave,0,Data Scientist,No
Janet Moody,Non-binary,47,EcoWave,19,Sales Associate,No
Jordan Pierce,Male,58,TechNova,29,Product Manager,Yes
Robert Holloway,Male,46,Finovate,10,Data Scientist,Yes
Matthew Craig,Male,36,EcoWave,8,Data Scientist,Yes
Luis Woods,Male,39,InnovaCorp,9,UX Designer,No
Mr. Joseph Meyer,Male,36,Finovate,16,Marketing Analyst,Yes
Nicholas Davis,Male,34,Finovate,2,Product Manager,Yes
Amanda Richardson,Female,55,EduSmart,34,Product Manager,Yes
Mary Wilcox,Female,41,InnovaCorp,15,Business Analyst,Yes
Antonio Foster,Male,34,TechNova,14,Data Scientist,No
Zachary Mccormick,Non-binary,30,TechNova,3,Data Scientist,Yes
Mr. Jonathan Cross PhD,Male,37,Finovate,0,Software Engineer,Yes
Stephanie Cooper,Female,45,TechNova,19,UX Designer,Yes
Christopher Moreno,Non-binary,39,HealthSync,19,UX Designer,Yes
Johnny Alvarado,Male,26,HealthSync,0,Marketing Analyst,No
Ryan Mccullough,Non-binary,26,EcoWave,6,Marketing Analyst,No
Danielle Fields,Non-binary,42,AgriTech,15,UX Designer,No
James Hopkins,Non-binary,43,AgriTech,20,Data Scientist,No
Miss Dana Gibson,Female,53,InnovaCorp,15,Marketing Analyst,No
Linda Williams,Female,28,EcoWave,4,UX Designer,Yes
Frank Martin,Male,43,HealthSync,14,UX Designer,Yes
Logan Robinson,Non-binary,53,EcoWave,8,Sales Associate,Yes
Katherine James,Non-binary,45,HealthSync,24,Data Scientist,No
Linda Gibson,Non-binary,47,HealthSync,11,Business Analyst,No
Michael Patton,Male,31,InnovaCorp,7,UX Designer,No
Megan Hernandez,Non-binary,37,EduSmart,6,Software Engineer,No
Nicole Perez,Female,47,InnovaCorp,1,Sales Associate,No
Matthew Koch,Male,48,TechNova,16,Product Manager,Yes
Maureen Moore,Female,56,InnovaCorp,20,Business Analyst,No
Elizabeth Davis,Female,37,EduSmart,1,Product Manager,No
Whitney Zimmerman,Female,35,EduSmart,8,Sales Associate,Yes
Scott Grant,Male,31,InnovaCorp,5,Product Manager,No
Hannah Wise,Non-binary,43,InnovaCorp,14,Product Manager,Yes
Steven Nelson,Non-binary,54,EcoWave,21,Software Engineer,Yes
Jennifer Campbell,Non-binary,46,Finovate,20,Marketing Analyst,No
Virginia Holder,Female,37,EduSmart,5,Sales Associate,Yes
Brittany Meyers,Non-binary,46,TechNova,20,Sales Associate,Yes
Mrs. Sharon Moreno,Non-binary,41,TechNova,11,UX Designer,No
Jose Morrison,Male,42,AgriTech,14,UX Designer,Yes
Casey Schwartz,Non-binary,34,EcoWave,0,Product Manager,Yes
Dawn Miller,Non-binary,60,HealthSync,19,Product Manager,Yes
Taylor Goodman,Female,28,EcoWave,5,UX Designer,No
Rodney Austin,Non-binary,32,EduSmart,11,Marketing Analyst,No
Edgar Rodriguez,Male,21,EduSmart,0,UX Designer,No
Dr. Nathan Davis,Non-binary,42,EcoWave,16,Business Analyst,No
Loretta Adams,Non-binary,46,TechNova,18,Business Analyst,Yes
Ashley Wilkins,Female,37,HealthSync,8,Product Manager,No
Greg Flores,Non-binary,45,EcoWave,9,Sales Associate,No
Brittany Sanders,Female,32,EduSmart,4,Marketing Analyst,Yes
Jessica Murphy,Female,38,EduSmart,6,Software Engineer,No
Diana Morales,Female,50,InnovaCorp,22,Data Scientist,Yes
Charles Taylor,Non-binary,26,AgriTech,1,Sales Associate,No
Denise Fisher,Female,57,Finovate,17,UX Designer,No
Diane Mcdaniel,Female,60,EcoWave,22,Marketing Analyst,No
Eric Pena,Male,23,InnovaCorp,2,Sales Associate,No
Leslie Hill,Non-binary,44,TechNova,21,Sales Associate,Yes
Steven Harris,Male,21,TechNova,0,UX Designer,No
Kathryn Park,Female,48,EcoWave,16,Product Manager,No
Teresa Roberts,Female,36,AgriTech,2,Product Manager,No
David Santiago,Male,42,InnovaCorp,18,Marketing Analyst,No
Angela Buck,Non-binary,29,AgriTech,9,Sales Associate,Yes
Thomas Miller,Non-binary,36,AgriTech,0,UX Designer,Yes
Deanna Jackson,Female,50,HealthSync,27,Marketing Analyst,Yes
Jenny Gutierrez,Female,46,AgriTech,20,UX Designer,Yes
Joseph Bowers,Male,38,EduSmart,3,Data Scientist,No
Deborah Reilly,Female,31,AgriTech,11,Marketing Analyst,Yes
Scott Spence,Male,22,InnovaCorp,0,Sales Associate,No
Karen Chapman,Female,48,HealthSync,1,Product Manager,No
Wendy Brown,Female,47,InnovaCorp,7,Business Analyst,No
Kristi Lee,Non-binary,54,TechNova,17,Marketing Analyst,No
Adrian Jackson,Male,22,InnovaCorp,0,Product Manager,No
Edward Obrien,Male,50,HealthSync,29,UX Designer,Yes
Adam Morales,Male,43,EcoWave,6,Product Manager,Yes
William Lawrence,Male,31,HealthSync,3,UX Designer,No
Patricia Garcia,Female,38,Finovate,18,UX Designer,Yes
Brian Williams,Male,35,AgriTech,13,Sales Associate,Yes
Danielle Young,Non-binary,56,EduSmart,2,UX Designer,Yes
Bobby Smith,Male,55,EcoWave,15,Data Scientist,Yes
Travis Wall,Non-binary,24,Finovate,2,Software Engineer,No
Wanda Lamb,Non-binary,57,EcoWave,14,Sales Associate,No
Christopher Obrien,Male,23,EduSmart,1,Business Analyst,No
Jose Morales,Male,29,EcoWave,0,Product Manager,No
James Kim,Male,34,Finovate,5,UX Designer,Yes
Brent Melendez,Male,36,TechNova,0,Product Manager,No
Chase Johnson,Male,47,Finovate,8,Data Scientist,No
Travis Dyer,Non-binary,29,EcoWave,4,UX Designer,Yes
Colin Lee,Non-binary,23,Finovate,0,Product Manager,Yes
Jason Garcia,Male,45,HealthSync,11,Data Scientist,No
Sophia Kim,Non-binary,22,InnovaCorp,1,Marketing Analyst,No
Danielle Howard,Non-binary,42,TechNova,14,Sales Associate,Yes
Tiffany Richardson,Non-binary,30,EcoWave,2,Sales Associate,No
Hannah Clark,Female,46,Finovate,2,Business Analyst,Yes
Theodore Wilson,Male,31,EduSmart,9,Sales Associate,Yes
Jamie Boyer,Male,50,EcoWave,28,UX Designer,No
Kim Patterson,Female,53,HealthSync,25,Product Manager,Yes
Gabrielle Singleton,Female,39,AgriTech,17,Marketing Analyst,No
Christian Reynolds,Male,56,Finovate,13,Sales Associate,No
Robert Murray,Male,38,Finovate,11,UX Designer,No
Amber Bell,Non-binary,27,AgriTech,5,Business Analyst,No
Edward Sawyer,Non-binary,37,Finovate,17,Product Manager,No
Andrew Wheeler,Male,41,HealthSync,5,Product Manager,No
Destiny Lin,Non-binary,49,EcoWave,14,Marketing Analyst,Yes
Megan Singh,Non-binary,48,EcoWave,22,Product Manager,No
Rhonda Lowery,Female,31,AgriTech,5,Sales Associate,Yes
Mary Johnson,Non-binary,27,InnovaCorp,3,Product Manager,Yes
Paula Taylor,Non-binary,28,EcoWave,7,Sales Associate,Yes
William Hayden,Male,51,TechNova,7,Business Analyst,Yes
Jose Rogers,Non-binary,57,EcoWave,7,UX Designer,Yes
Courtney Moss,Female,48,Finovate,26,UX Designer,Yes
William Arellano,Non-binary,57,InnovaCorp,1,Sales Associate,No
Cassidy Serrano,Non-binary,23,EduSmart,0,Marketing Analyst,Yes
Hailey Christian,Female,28,EcoWave,8,Software Engineer,Yes
Janet Nelson,Female,24,HealthSync,3,Marketing Analyst,Yes
Kathleen Phillips,Non-binary,33,EduSmart,10,Product Manager,No
Amanda Green DDS,Female,50,EduSmart,20,UX Designer,No
Karen Patterson,Female,21,EduSmart,1,Product Manager,No
Luis Richards,Male,22,AgriTech,1,UX Designer,No
Jennifer Anderson,Non-binary,26,EcoWave,3,Marketing Analyst,No
David Elliott,Non-binary,36,AgriTech,11,Software Engineer,Yes
Linda Garcia,Female,33,HealthSync,13,Business Analyst,No
Angela Cook,Non-binary,23,Finovate,0,Sales Associate,No
Kimberly Baker,Female,30,EduSmart,3,Product Manager,No
Kyle Garcia,Non-binary,32,EduSmart,7,Software Engineer,Yes
Michelle Jackson,Female,55,EduSmart,28,Software Engineer,No
Susan Li,Female,29,AgriTech,3,Sales Associate,Yes
Ronnie Garrett,Non-binary,39,HealthSync,3,UX Designer,No
Matthew Johnston,Male,38,AgriTech,12,Business Analyst,Yes
Rebecca Vaughn,Non-binary,26,HealthSync,1,Software Engineer,Yes
Madison Castro,Non-binary,38,AgriTech,15,Data Scientist,No
Tiffany Herring,Non-binary,46,EcoWave,0,Business Analyst,Yes
Nicholas Morris,Male,34,EduSmart,12,Marketing Analyst,Yes
Anthony Clark,Non-binary,56,EduSmart,11,Business Analyst,No
Michael Green,Non-binary,25,EduSmart,2,Data Scientist,Yes
Christine Payne,Female,21,TechNova,1,Data Scientist,No
Kathleen Ward,Non-binary,40,Finovate,18,Sales Associate,Yes
Chad Gonzalez,Male,31,HealthSync,11,UX Designer,No
Matthew Perez,Male,50,Finovate,25,Product Manager,Yes
Matthew Patterson,Non-binary,26,TechNova,4,Data Scientist,Yes
Kristin Green,Female,32,EduSmart,2,Marketing Analyst,No
Megan Nguyen,Female,28,EduSmart,2,Business Analyst,Yes
Kevin Strickland,Non-binary,30,TechNova,2,Data Scientist,Yes
Donna Smith,Female,27,InnovaCorp,0,Product Manager,Yes
Cheryl Gallagher,Non-binary,28,HealthSync,0,Data Scientist,Yes
Breanna Dodson,Non-binary,28,Finovate,3,Marketing Analyst,No
Robert Graham,Non-binary,37,InnovaCorp,9,Product Manager,No
Nicholas Morrison,Non-binary,23,EduSmart,0,Data Scientist,Yes
Ashlee Miller,Female,51,EcoWave,24,Data Scientist,No
Maria Pierce,Female,39,InnovaCorp,2,Sales Associate,No
Douglas Riley,Non-binary,26,InnovaCorp,1,Product Manager,No
Ronnie Collier,Male,59,InnovaCorp,15,Product Manager,Yes
Colin Johnson,Male,58,Finovate,33,Software Engineer,No
Jason Fry,Non-binary,40,AgriTech,17,Product Manager,Yes
Matthew Gonzalez,Male,33,TechNova,6,Software Engineer,No
Robert Moreno,Male,35,EduSmart,7,Data Scientist,No
Madeline Martinez,Female,58,InnovaCorp,16,Software Engineer,No
Jennifer Moore,Female,42,Finovate,2,Data Scientist,No
Kyle Williams,Male,60,EcoWave,12,Business Analyst,Yes
Kendra Watson,Female,31,EcoWave,5,Software Engineer,Yes
Emily Stevens,Female,31,Finovate,4,Data Scientist,No
Glenn Hernandez,Male,38,AgriTech,18,Software Engineer,No
Nicole Garcia,Female,59,InnovaCorp,4,Sales Associate,Yes
Andrew Anderson,Male,23,TechNova,0,Business Analyst,No
Cheryl Hernandez,Non-binary,39,EcoWave,1,UX Designer,Yes
Bryan Carter,Male,25,EduSmart,0,Software Engineer,Yes
Brandon Davis,Non-binary,38,TechNova,1,Product Manager,Yes
Jeffrey Johnston,Male,38,HealthSync,10,Software Engineer,No
Kristen Robinson,Female,50,HealthSync,19,Business Analyst,No
Jose Ramos,Non-binary,49,HealthSync,29,Software Engineer,Yes
Bailey Watson,Female,58,Finovate,12,Marketing Analyst,Yes
Linda Medina,Non-binary,33,AgriTech,9,Software Engineer,No
Brent May,Non-binary,50,AgriTech,22,Data Scientist,No
Gabriel Patrick,Male,57,TechNova,30,Sales Associate,No
Gary Rivas,Non-binary,25,TechNova,0,Business Analyst,No
Jeremy Rosales,Male,36,Finovate,0,Product Manager,Yes
Gabrielle Rodriguez,Non-binary,26,EcoWave,1,Sales Associate,No
Lawrence Vaughn,Male,50,TechNova,24,Product Manager,No
Kevin Powell,Male,44,TechNova,13,Marketing Analyst,No
Angie Osborne,Female,51,EcoWave,6,UX Designer,No
Gerald Campbell,Male,32,TechNova,3,Software Engineer,Yes
Amanda Bright,Non-binary,48,EcoWave,15,Software Engineer,No
Jessica Cuevas,Female,56,TechNova,35,Data Scientist,Yes
Randy Johnston,Male,39,HealthSync,12,Software Engineer,No
James Wilson,Non-binary,25,HealthSync,1,Sales Associate,Yes
Vickie Lowe,Female,54,HealthSync,34,Software Engineer,No
Mrs. Donna Ramirez,Non-binary,21,Finovate,1,Data Scientist,No
Joshua Rodgers,Male,25,Finovate,4,UX Designer,Yes
Isaiah Perry,Male,26,EcoWave,4,Business Analyst,No
Richard Thornton,Male,58,TechNova,8,Product Manager,Yes
Kathleen Lopez,Non-binary,34,TechNova,9,Business Analyst,No
Steven Cox,Male,56,InnovaCorp,0,Sales Associate,No
Lindsay Hess,Non-binary,53,InnovaCorp,30,Product Manager,No
Jeffrey Smith,Male,33,Finovate,13,Sales Associate,Yes
Angelica Christensen,Non-binary,50,EduSmart,6,UX Designer,No
Caroline Hernandez,Female,32,Finovate,8,Data Scientist,Yes
Sherry Wood,Female,26,AgriTech,5,Software Engineer,No
Casey Wallace,Non-binary,25,EduSmart,0,Business Analyst,Yes
Mark Tate,Male,23,InnovaCorp,0,Product Manager,Yes
Matthew Jones,Male,57,TechNova,3,Software Engineer,No
Dustin Perez,Male,33,AgriTech,2,Data Scientist,No
Joseph Brown,Male,33,Finovate,10,Business Analyst,No
Jeffrey Lewis,Male,22,EcoWave,1,Product Manager,No
Katherine Moss,Female,35,Finovate,0,Software Engineer,Yes
Jordan Ellis,Non-binary,39,AgriTech,17,Marketing Analyst,No
Robert Thompson,Non-binary,51,AgriTech,16,Software Engineer,Yes
David Tucker,Non-binary,38,TechNova,18,Business Analyst,Yes
Jason Mcconnell,Non-binary,48,TechNova,21,Business Analyst,No
Jeanette Douglas,Female,60,HealthSync,0,Marketing Analyst,No
Misty Cook,Non-binary,36,InnovaCorp,12,Product Manager,Yes
Jennifer Rodriguez,Female,57,TechNova,29,Marketing Analyst,Yes
Dr. James Warren III,Non-binary,24,EcoWave,1,Product Manager,Yes
Deborah Kelly,Female,38,HealthSync,7,UX Designer,No
Sarah Fischer,Non-binary,40,HealthSync,17,UX Designer,No
John Wang,Non-binary,31,TechNova,4,Product Manager,Yes
Linda Sullivan,Female,45,InnovaCorp,22,Software Engineer,No
James Mcdonald,Non-binary,38,EcoWave,6,Sales Associate,No
David Butler,Non-binary,58,AgriTech,33,Sales Associate,No
Robert Coleman DDS,Male,50,TechNova,17,Business Analyst,Yes
Michael Davis,Male,33,Finovate,7,Data Scientist,No
Kristen Burgess,Non-binary,60,Finovate,10,Data Scientist,No
Susan Holden,Female,38,AgriTech,1,UX Designer,Yes
Alexis Raymond,Female,45,Finovate,21,UX Designer,No
Samuel Smith,Male,47,InnovaCorp,23,Sales Associate,No
Johnathan Hayes,Male,31,EcoWave,1,Sales Associate,Yes
David Dillon,Male,53,EduSmart,28,Sales Associate,No
Victoria Christensen,Female,43,EduSmart,19,Software Engineer,No
Mary Thompson,Non-binary,40,EcoWave,1,Data Scientist,No
Brittany Carrillo DDS,Non-binary,23,EcoWave,0,Data Scientist,No
Cory White,Male,28,TechNova,6,Data Scientist,No
Zachary Hill,Non-binary,58,HealthSync,18,Product Manager,No
Robert Walter,Male,45,AgriTech,16,Sales Associate,Yes
Rodney Austin,Male,43,AgriTech,20,Sales Associate,No
Ian Hensley,Male,36,EcoWave,9,Data Scientist,No
Anthony Garrison,Male,37,Finovate,6,UX Designer,No
Glenn Pitts,Male,40,HealthSync,8,Software Engineer,Yes
Maurice Smith,Non-binary,44,Finovate,5,Business Analyst,Yes
Rebecca Osborne,Female,23,HealthSync,2,Business Analyst,Yes
Cassandra Zimmerman,Female,29,TechNova,5,Sales Associate,Yes
Shawn Miller,Male,44,HealthSync,18,Software Engineer,No
William Fisher,Male,41,TechNova,6,Product Manager,No
Amy Harris,Female,33,TechNova,7,Marketing Analyst,Yes
Jessica Hale,Female,55,EcoWave,2,Product Manager,Yes
Maria Randall,Female,33,EduSmart,2,Business Analyst,Yes
Joshua Sparks,Male,48,TechNova,19,Product Manager,No
Mark Wong,Male,21,EduSmart,0,UX Designer,No
Joseph Byrd MD,Non-binary,48,AgriTech,6,Sales Associate,Yes
Christopher Lin,Non-binary,46,Finovate,9,Product Manager,Yes
Daniel Holloway,Non-binary,24,EcoWave,4,UX Designer,No
Jennifer Smith,Non-binary,28,TechNova,0,Business Analyst,Yes
Travis Watson,Non-binary,41,AgriTech,18,Data Scientist,No
Richard Thomas,Male,35,EduSmart,4,Data Scientist,Yes
Thomas Young,Non-binary,40,EduSmart,9,Data Scientist,No
Juan Brooks,Non-binary,47,TechNova,8,Business Analyst,Yes
Erin Garza,Non-binary,40,EduSmart,7,Sales Associate,Yes
Kimberly Bryant,Female,57,HealthSync,1,Marketing Analyst,No
Kim Davis,Female,59,HealthSync,10,Marketing Analyst,Yes
Jerry House,Male,37,InnovaCorp,16,Data Scientist,Yes
Matthew Duncan,Male,40,EcoWave,7,Product Manager,No
Jessica Boyle,Female,51,TechNova,15,Marketing Analyst,No
Elizabeth Pacheco,Female,37,AgriTech,10,Product Manager,Yes
Kevin Velez,Non-binary,24,AgriTech,1,Sales Associate,Yes
John Carr,Non-binary,30,Finovate,4,Data Scientist,No
Tyler Mills,Male,38,EcoWave,6,Data Scientist,Yes
Melissa Bruce,Female,57,InnovaCorp,4,Business Analyst,No
Kimberly Nunez,Female,22,AgriTech,1,UX Designer,No
Mr. Samuel Gomez DDS,Non-binary,48,EcoWave,7,Business Analyst,No
Daniel Stout,Male,29,EcoWave,6,UX Designer,No
Alexis Mcgrath,Non-binary,22,EduSmart,1,Marketing Analyst,Yes
Tyler Payne,Male,53,TechNova,9,Product Manager,Yes
Renee Cisneros,Non-binary,45,AgriTech,9,UX Designer,No
Amy Mcclure,Non-binary,56,InnovaCorp,3,Product Manager,Yes
Kenneth Sullivan,Non-binary,37,InnovaCorp,3,Business Analyst,Yes
Chad Rivers,Male,57,InnovaCorp,17,UX Designer,Yes
Jesse Sanders,Male,34,EduSmart,5,UX Designer,Yes
Amy Young,Non-binary,54,EcoWave,14,UX Designer,No
Daniel Boone,Non-binary,41,EcoWave,9,Data Scientist,Yes
Donald Torres,Male,38,EcoWave,14,Software Engineer,No
Cheryl Charles,Female,41,InnovaCorp,12,Marketing Analyst,Yes
Rebecca Rogers,Female,40,AgriTech,17,Sales Associate,No
Stephanie Hawkins,Female,50,HealthSync,27,Business Analyst,No
Louis Mccullough,Non-binary,41,HealthSync,10,Data Scientist,No
Jeffrey Terry,Male,23,AgriTech,3,Data Scientist,Yes
William Le,Male,25,HealthSync,5,Marketing Analyst,No
Lacey Friedman,Female,47,TechNova,19,UX Designer,No
Carolyn Burke,Non-binary,24,Finovate,3,UX Designer,Yes
Tina Booth,Female,34,TechNova,9,Software Engineer,No
Vicki Bennett,Female,55,EduSmart,14,Data Scientist,Yes
Jeffrey Figueroa,Non-binary,28,InnovaCorp,5,Product Manager,No
Mary Thompson,Non-binary,40,EcoWave,4,Data Scientist,Yes
Brent Hill,Non-binary,48,Finovate,0,Sales Associate,No
Lauren Foster,Non-binary,33,TechNova,3,UX Designer,No
Alexander Christensen,Male,21,InnovaCorp,1,Sales Associate,Yes
Michael Cooper,Male,44,EcoWave,23,Software Engineer,Yes
Annette Townsend,Non-binary,37,Finovate,4,Product Manager,Yes
Mr. Matthew Johnson,Male,24,EduSmart,0,Sales Associate,Yes
Katherine Johnson,Female,58,TechNova,5,Marketing Analyst,Yes
Karen Peterson,Female,39,AgriTech,9,Software Engineer,No
Tony Myers,Male,33,EduSmart,10,Data Scientist,No
Adam Cross,Male,39,AgriTech,13,Software Engineer,No
Jason Marks,Male,57,TechNova,21,Software Engineer,Yes
Karen Marshall,Female,23,AgriTech,1,Sales Associate,No
Nicholas Fisher,Non-binary,37,EduSmart,5,Business Analyst,Yes
Kimberly Brown,Female,57,EcoWave,32,UX Designer,Yes
David Ortiz,Male,58,TechNova,9,Sales Associate,Yes
Nathan Moss,Non-binary,27,HealthSync,6,Data Scientist,Yes
Jennifer Arnold,Female,41,EduSmart,16,Marketing Analyst,Yes
Joseph Smith MD,Non-binary,38,InnovaCorp,17,Product Manager,No
Mr. Victor Howard,Male,21,AgriTech,0,Software Engineer,Yes
Ashley Rogers,Female,48,InnovaCorp,10,UX Designer,No
Tyler West,Non-binary,24,AgriTech,0,UX Designer,No
Thomas Reyes,Non-binary,49,TechNova,23,Software Engineer,No
Carlos White,Non-binary,24,EduSmart,3,Marketing Analyst,No
Arthur Rose,Male,55,EcoWave,34,Sales Associate,No
Jesse Nichols,Male,40,AgriTech,16,Data Scientist,No
Mr. Daniel Cameron MD,Non-binary,50,HealthSync,12,Product Manager,Yes
Chad Todd,Male,25,EduSmart,5,Product Manager,Yes
Andrea Johnson,Non-binary,48,TechNova,16,Software Engineer,No
Ashlee Marsh,Female,52,EduSmart,19,Marketing Analyst,Yes
Steven Pratt,Male,29,Finovate,1,Business Analyst,No
Debra Dunn,Female,54,AgriTech,15,Business Analyst,No
Danielle Fuentes,Female,46,HealthSync,15,Data Scientist,No
Laurie Pugh,Female,56,Finovate,36,Marketing Analyst,Yes
Zachary Lane,Male,45,EcoWave,2,Product Manager,No
Tiffany Martin,Female,24,EcoWave,2,Software Engineer,Yes
Glenn Munoz,Male,56,AgriTech,29,UX Designer,No
Ashley Stewart,Female,52,HealthSync,0,Data Scientist,Yes
Lonnie Brown,Non-binary,37,EcoWave,2,Sales Associate,Yes
Richard Harmon,Non-binary,41,Finovate,14,Marketing Analyst,Yes
Tamara Duncan,Non-binary,47,InnovaCorp,5,Software Engineer,No
Jennifer Briggs,Female,45,EduSmart,20,Sales Associate,Yes
Michelle Gross,Female,35,EduSmart,9,Marketing Analyst,Yes
Mark Butler,Male,37,EduSmart,0,UX Designer,Yes
Jason Parks,Male,31,EcoWave,7,Sales Associate,Yes
Evan Rodriguez,Male,51,EduSmart,30,UX Designer,Yes
Patricia Bryant,Female,33,AgriTech,1,Marketing Analyst,Yes
Susan Wagner,Non-binary,46,InnovaCorp,3,Data Scientist,No
Rachel Rodriguez,Female,53,Finovate,19,Product Manager,Yes
Timothy Mason,Male,28,EduSmart,0,Sales Associate,No
Adam Chavez,Non-binary,47,EcoWave,20,Data Scientist,No
Susan Montgomery,Female,23,InnovaCorp,2,Product Manager,No
Kenneth Tapia,Non-binary,30,Finovate,8,UX Designer,Yes
Anthony Reed,Non-binary,41,Finovate,12,Software Engineer,Yes
Monique Garcia,Non-binary,58,TechNova,27,Business Analyst,No
Adam Oneal,Male,53,Finovate,8,Sales Associate,Yes
Megan Clarke,Female,38,HealthSync,1,Business Analyst,Yes
Brittany Chavez,Female,30,TechNova,0,Marketing Analyst,Yes
James Hobbs,Male,60,EduSmart,38,UX Designer,Yes
Andrea Shannon,Female,41,EcoWave,2,Marketing Analyst,Yes
Kathleen Callahan,Female,53,AgriTech,10,Data Scientist,No
Collin Hood,Male,50,EcoWave,12,Software Engineer,Yes
Joanne Ramirez,Female,59,TechNova,31,Software Engineer,Yes
Heather Casey,Female,48,EcoWave,24,Product Manager,Yes
Amanda Garrett,Female,31,InnovaCorp,3,Software Engineer,No
Jessica Torres,Female,47,EduSmart,12,Sales Associate,No
Shannon Young,Female,34,EduSmart,9,Software Engineer,No
Jessica Riley,Female,43,TechNova,1,Business Analyst,No
Joshua Phillips,Male,36,EduSmart,15,Business Analyst,No
Antonio Schmidt,Male,57,AgriTech,28,Sales Associate,Yes
Jonathan Maddox,Male,54,InnovaCorp,11,UX Designer,Yes
Brandi Jones,Non-binary,45,AgriTech,14,UX Designer,No
Ronald Tate,Male,39,EcoWave,5,Sales Associate,No
Jennifer Cabrera,Female,44,AgriTech,10,Product Manager,No
Lauren Anderson,Female,53,InnovaCorp,30,Business Analyst,No
Alicia Andrews,Female,53,InnovaCorp,13,Data Scientist,Yes
Michael Thompson,Non-binary,35,Finovate,2,UX Designer,No
Jamie Moore,Non-binary,44,HealthSync,11,Marketing Analyst,No
Alison Smith,Non-binary,47,EduSmart,6,Product Manager,No
Kevin Taylor,Male,58,EduSmart,9,UX Designer,Yes
John Crawford,Male,59,InnovaCorp,24,Marketing Analyst,Yes
Troy Thompson,Male,49,Finovate,29,Data Scientist,No
Timothy Stewart,Non-binary,45,TechNova,6,Sales Associate,Yes
Robert Aguilar,Male,29,EduSmart,5,Software Engineer,No
Keith Riley,Non-binary,37,TechNova,0,Business Analyst,Yes
Traci Rich,Non-binary,24,EduSmart,1,UX Designer,No
Jeffery Thomas,Male,28,InnovaCorp,4,Business Analyst,No
Matthew Hartman,Male,29,AgriTech,1,UX Designer,Yes
Jason Simpson,Non-binary,25,EduSmart,3,Product Manager,No
Laura Dean,Female,60,TechNova,25,UX Designer,No
Olivia Howell,Female,25,HealthSync,2,UX Designer,No
Lauren Wells,Non-binary,32,HealthSync,6,Marketing Analyst,No
Amy Shepard,Non-binary,59,EduSmart,19,UX Designer,Yes
Mrs. Lisa David MD,Female,55,EduSmart,17,Product Manager,No
Bryce Bishop,Non-binary,33,EcoWave,4,Marketing Analyst,No
Logan Ho,Non-binary,56,EduSmart,29,Business Analyst,No
Mark Hodge,Male,42,HealthSync,20,Data Scientist,Yes
Jenny Watts,Non-binary,28,Finovate,0,Business Analyst,Yes
Mary Smith,Female,47,EcoWave,1,Software Engineer,No
Christine Jackson,Female,44,EduSmart,5,Data Scientist,No
Raymond Walters,Male,36,HealthSync,9,Sales Associate,Yes
Richard Wood,Male,35,Finovate,7,Marketing Analyst,No
Susan Martin,Female,29,InnovaCorp,3,Business Analyst,Yes
Brian Reeves,Non-binary,44,EduSmart,0,Data Scientist,No
Jessica Molina,Non-binary,35,EduSmart,9,Product Manager,No
Carrie Ramirez,Non-binary,44,HealthSync,19,Marketing Analyst,No
Stacey Chavez,Non-binary,39,TechNova,19,Business Analyst,Yes
Brenda Wilson,Female,35,EduSmart,5,Data Scientist,No
Eric Harrell,Male,45,AgriTech,21,Product Manager,No
Kathleen Mcconnell,Female,49,EcoWave,9,Data Scientist,No
Michael Hunter,Male,47,AgriTech,16,Marketing Analyst,Yes
Elizabeth Spence,Female,36,HealthSync,16,Data Scientist,No
Thomas Newton,Non-binary,39,Finovate,18,Business Analyst,Yes
Rachel Byrd,Non-binary,53,Finovate,7,Business Analyst,Yes
Kristin King,Female,47,Finovate,20,UX Designer,No
Dale Garner,Non-binary,55,EcoWave,19,Sales Associate,No
Vincent Long,Male,23,EcoWave,3,Product Manager,Yes
Tami Anderson,Female,60,EduSmart,31,Sales Associate,Yes
Kathleen Choi,Non-binary,56,EduSmart,13,UX Designer,Yes
Pamela Martinez,Female,56,EcoWave,11,Marketing Analyst,Yes
Daniel Baker,Male,23,Finovate,0,Software Engineer,Yes
Paul Brown,Male,35,EduSmart,10,Software Engineer,Yes
Jeffrey Thomas,Non-binary,41,InnovaCorp,2,UX Designer,Yes
Donald Wheeler,Male,38,EcoWave,8,Sales Associate,Yes
Robert Lopez,Male,59,EduSmart,23,Data Scientist,Yes
Susan Taylor,Female,53,Finovate,16,Marketing Analyst,No
Raymond Parker,Male,40,Finovate,3,Product Manager,Yes
Lee Brown,Non-binary,52,HealthSync,16,Software Engineer,No
Angela Bennett DDS,Female,40,Finovate,15,Business Analyst,Yes
Alejandro Stevens,Male,21,HealthSync,1,Marketing Analyst,Yes
William Cox,Male,32,AgriTech,9,Data Scientist,No
Kevin Mitchell,Male,38,TechNova,0,Marketing Analyst,No
Katherine Goodwin,Female,33,InnovaCorp,3,Business Analyst,Yes
Matthew Wright,Male,30,TechNova,4,Product Manager,Yes
Cory Francis,Non-binary,21,Finovate,0,Business Analyst,Yes
Sheila Robinson,Non-binary,53,Finovate,11,Business Analyst,Yes
Jenna Pace,Female,31,HealthSync,10,Business Analyst,No
Heather Morris,Female,28,HealthSync,2,Business Analyst,Yes
Jennifer Smith,Female,43,AgriTech,6,UX Designer,No
Paul Keller,Non-binary,44,EcoWave,18,UX Designer,No
Darin Haas,Male,42,EcoWave,17,Business Analyst,No
Tiffany Marsh,Non-binary,53,AgriTech,23,Product Manager,No
Deborah Gay,Female,30,InnovaCorp,8,Sales Associate,No
Kimberly Welch,Female,33,HealthSync,3,Marketing Analyst,No
Laura Chandler,Female,58,TechNova,35,Sales Associate,Yes
Sean Conner,Male,24,InnovaCorp,3,UX Designer,No
Dennis Smith,Male,57,EduSmart,11,Software Engineer,No
Grace Ewing,Non-binary,47,AgriTech,21,Sales Associate,Yes
Ronald Henson,Male,58,EcoWave,16,Product Manager,Yes
Sean Wilson,Male,46,HealthSync,8,Sales Associate,No
Albert Ruiz,Male,44,Finovate,1,Business Analyst,No
Danielle Martinez,Non-binary,55,EcoWave,35,UX Designer,No
Joyce Bradley,Female,24,EduSmart,0,Product Manager,Yes
Anna Gutierrez,Female,28,EcoWave,0,Data Scientist,Yes
Paul Ward,Male,21,TechNova,1,Product Manager,No
Collin Brown,Male,45,HealthSync,18,Software Engineer,Yes
Brandon Allen,Non-binary,31,InnovaCorp,2,Sales Associate,No
Jennifer Hicks,Female,21,HealthSync,0,Data Scientist,Yes
Tim Buchanan,Male,31,InnovaCorp,6,Sales Associate,Yes
Christopher Vega,Male,40,EduSmart,12,Marketing Analyst,Yes
Michael Ramirez,Male,39,EduSmart,14,UX Designer,Yes
David Conner,Male,58,EcoWave,15,UX Designer,No
Lauren Fuller,Female,40,HealthSync,20,Product Manager,No
Lance Murray,Non-binary,43,TechNova,11,Software Engineer,Yes
Courtney Lopez,Non-binary,39,TechNova,14,Business Analyst,No
Susan James,Female,39,HealthSync,16,UX Designer,No
Jennifer Hudson,Non-binary,48,TechNova,15,Data Scientist,No
Robert Powers,Male,37,TechNova,12,UX Designer,Yes
Jaclyn Moore,Female,52,InnovaCorp,7,Business Analyst,Yes
Tina Schultz,Female,42,TechNova,16,Software Engineer,No
Jennifer Obrien,Non-binary,32,HealthSync,0,Marketing Analyst,Yes
Jared Lopez,Non-binary,49,HealthSync,4,UX Designer,Yes
Kristine Ellis,Female,34,EcoWave,5,Sales Associate,Yes
Kyle Anderson,Male,24,InnovaCorp,0,Business Analyst,No
Gina Adams,Female,36,TechNova,1,UX Designer,Yes
Steven Anderson,Non-binary,56,Finovate,29,Business Analyst,No
David Weaver,Non-binary,52,HealthSync,13,Data Scientist,Yes
Shawn Reed,Male,57,AgriTech,37,UX Designer,No
Jackson Alvarado,Non-binary,58,EcoWave,35,Software Engineer,No
Lisa Ray,Female,24,HealthSync,0,Software Engineer,No
Charlotte Williams,Non-binary,30,EcoWave,6,Business Analyst,No
Nicole Lewis,Female,52,TechNova,0,Sales Associate,Yes
Deborah Taylor,Female,27,HealthSync,2,Business Analyst,Yes
Justin Goodwin,Male,43,EduSmart,17,Product Manager,Yes
Taylor Taylor,Female,57,EcoWave,16,Product Manager,No
Olivia Brown,Female,51,AgriTech,27,Data Scientist,No
Matthew Payne,Non-binary,45,InnovaCorp,5,UX Designer,No
Xavier Miller,Male,30,EduSmart,10,Software Engineer,Yes
Seth Wright,Non-binary,42,EduSmart,9,Data Scientist,Yes
David Payne,Male,27,HealthSync,7,Business Analyst,Yes
Jane Oneal,Female,58,TechNova,4,Business Analyst,Yes
Joanna Valencia,Female,50,AgriTech,9,Data Scientist,Yes
Tammy Zavala,Female,45,EcoWave,14,Software Engineer,No
Dr. Heather Flores,Female,32,Finovate,9,UX Designer,No
Jim Houston,Non-binary,22,AgriTech,2,UX Designer,Yes
Michael King MD,Male,58,EduSmart,6,Software Engineer,No
Nathan Henderson,Non-binary,59,HealthSync,16,Marketing Analyst,Yes
Travis Jones,Male,36,EduSmart,13,Product Manager,Yes
Elizabeth Jensen,Female,28,InnovaCorp,6,Data Scientist,Yes
Aaron Flynn,Male,47,AgriTech,13,Software Engineer,No
Allen Sherman,Non-binary,44,InnovaCorp,3,Product Manager,No
Craig Myers,Male,45,EcoWave,24,Sales Associate,No
Darin Mcconnell,Male,58,TechNova,9,Marketing Analyst,Yes
Megan Bennett,Non-binary,33,HealthSync,1,Data Scientist,Yes
Jay Davis,Male,37,Finovate,8,Data Scientist,Yes
Michael Rodriguez,Male,44,TechNova,3,Sales Associate,Yes
Michael Barnes,Male,45,AgriTech,22,Data Scientist,No
Kimberly Delgado PhD,Female,53,EcoWave,32,Product Manager,No