domain,model,runs_count,generated_row_count_mean,generated_row_count_std,generated_row_count_min,generated_row_count_max,generated_column_count_mean,generated_column_count_std,generated_column_count_min,generated_column_count_max,generated_overall_missing_pct_mean,generated_overall_missing_pct_std,generated_overall_missing_pct_min,generated_overall_missing_pct_max,generated_duplicate_rows_mean,generated_duplicate_rows_std,generated_duplicate_rows_min,generated_duplicate_rows_max,generated_duplicate_rows_pct_mean,generated_duplicate_rows_pct_std,generated_duplicate_rows_pct_min,generated_duplicate_rows_pct_max,generated_duplicate_rows_primary_key_mean,generated_duplicate_rows_primary_key_std,generated_duplicate_rows_primary_key_min,generated_duplicate_rows_primary_key_max,generated_duplicate_rows_primary_key_pct_mean,generated_duplicate_rows_primary_key_pct_std,generated_duplicate_rows_primary_key_pct_min,generated_duplicate_rows_primary_key_pct_max,generated_type_correctness_pct_mean,generated_type_correctness_pct_std,generated_type_correctness_pct_min,generated_type_correctness_pct_max,real_row_count_mean,real_row_count_std,real_row_count_min,real_row_count_max,real_column_count_mean,real_column_count_std,real_column_count_min,real_column_count_max,real_overall_missing_pct_mean,real_overall_missing_pct_std,real_overall_missing_pct_min,real_overall_missing_pct_max,real_duplicate_rows_mean,real_duplicate_rows_std,real_duplicate_rows_min,real_duplicate_rows_max,real_duplicate_rows_pct_mean,real_duplicate_rows_pct_std,real_duplicate_rows_pct_min,real_duplicate_rows_pct_max,real_duplicate_rows_primary_key_mean,real_duplicate_rows_primary_key_std,real_duplicate_rows_primary_key_min,real_duplicate_rows_primary_key_max,real_duplicate_rows_primary_key_pct_mean,real_duplicate_rows_primary_key_pct_std,real_duplicate_rows_primary_key_pct_min,real_duplicate_rows_primary_key_pct_max,numeric_avg_ks_real_vs_generated_mean,numeric_avg_ks_real_vs_generated_std,numeric_avg_ks_real_vs_generated_min,numeric_avg_ks_real_vs_generated_max,numeric_avg_mean_diff_real_vs_generated_mean,numeric_avg_mean_diff_real_vs_generated_std,numeric_avg_mean_diff_real_vs_generated_min,numeric_avg_mean_diff_real_vs_generated_max,numeric_avg_std_diff_real_vs_generated_mean,numeric_avg_std_diff_real_vs_generated_std,numeric_avg_std_diff_real_vs_generated_min,numeric_avg_std_diff_real_vs_generated_max,categorical_avg_js_divergence_real_vs_generated_mean,categorical_avg_js_divergence_real_vs_generated_std,categorical_avg_js_divergence_real_vs_generated_min,categorical_avg_js_divergence_real_vs_generated_max,text_avg_length_real_mean_mean,text_avg_length_real_mean_std,text_avg_length_real_mean_min,text_avg_length_real_mean_max,text_avg_length_generated_mean_mean,text_avg_length_generated_mean_std,text_avg_length_generated_mean_min,text_avg_length_generated_mean_max,text_avg_length_abs_diff_mean_mean,text_avg_length_abs_diff_mean_std,text_avg_length_abs_diff_mean_min,text_avg_length_abs_diff_mean_max,text_empty_pct_generated_mean_mean,text_empty_pct_generated_mean_std,text_empty_pct_generated_mean_min,text_empty_pct_generated_mean_max,numeric_outlier_pct_mean_mean,numeric_outlier_pct_mean_std,numeric_outlier_pct_mean_min,numeric_outlier_pct_mean_max,categorical_unexpected_value_pct_mean_mean,categorical_unexpected_value_pct_mean_std,categorical_unexpected_value_pct_mean_min,categorical_unexpected_value_pct_mean_max,date_invalid_values_pct_mean_mean,date_invalid_values_pct_mean_std,date_invalid_values_pct_mean_min,date_invalid_values_pct_mean_max,row_constraints_mean_violations_pct_mean,row_constraints_mean_violations_pct_std,row_constraints_mean_violations_pct_min,row_constraints_mean_violations_pct_max,row_constraints_max_violations_pct_mean,row_constraints_max_violations_pct_std,row_constraints_max_violations_pct_min,row_constraints_max_violations_pct_max
employment,kimi-k2-instruct-0905,9,1019.1111111111111,20.46375899239349,991.0,1044.0,18.0,0.0,18.0,18.0,0.019925017370443783,0.04062703287741556,0.0,0.1239357689406186,0.0,0.0,0.0,0.0,0.0,0.0,0.0,0.0,4.555555555555555,5.51988548816632,2.0,20.0,0.44244807855758617,0.5278847850641948,0.19157088122605362,1.9193857965451053,80.8641975308642,31.547981084396636,22.22222222222222,100.0,11239.0,0.0,11239.0,11239.0,18.0,0.0,18.0,18.0,3.137882967049263,0.0,3.137882967049263,3.137882967049263,0.0,0.0,0.0,0.0,0.0,0.0,0.0,0.0,0.0,0.0,0.0,0.0,0.0,0.0,0.0,0.0,0.3744524413858201,0.05074475150798852,0.30003325907508227,0.4256954271253279,77.38951939837922,3.5155795745488083,71.6681323046403,81.17525139984056,6003.484051999243,1.0101305399441776,6001.815320605013,6005.121499632502,0.6096263775697337,0.13558138680308812,0.43623748478136654,0.8061618770784533,17.79218711652981,0.0,17.79218711652981,17.79218711652981,14.537764856362534,1.5452646653150812,12.03740157480315,15.994017946161515,3.254422260167277,1.5452646653150812,1.7981691703682952,5.75478554172666,0.0,0.0,0.0,0.0,1.064462996134069,0.35757608783146877,0.5621107170825532,1.6955266955266954,67.03478539719538,22.365410406868687,39.6551724137931,98.01587301587301,0.022170252055309522,0.041480888915229656,0.0,0.10101010101010101,0.06316369815114672,0.07640186770582136,0.0,0.19940179461615154,0.06585795399768192,0.08043379274158181,0.0,0.19940179461615154
employment,llama-3.1-8b-instruct,9,941.5555555555555,57.95805209346788,791.0,1011.0,18.0,0.0,18.0,18.0,0.8485681326813864,1.8806210124059906,0.0,6.15079365079365,22.11111111111111,28.544096273989222,0.0,76.0,2.2935744290107434,2.974885115200283,0.0,8.145766345123258,26.444444444444443,28.312192548680866,0.0,76.0,2.7527401066745427,2.9513213336262223,0.0,8.145766345123258,46.29629629629629,30.316121377305375,22.22222222222222,100.0,11239.0,0.0,11239.0,11239.0,18.0,0.0,18.0,18.0,3.137882967049263,0.0,3.137882967049263,3.137882967049263,0.0,0.0,0.0,0.0,0.0,0.0,0.0,0.0,0.0,0.0,0.0,0.0,0.0,0.0,0.0,0.0,0.427313994207948,0.08463217026921016,0.3544632026087576,0.5986638443160522,926.2307683931035,1207.5550768658545,77.46377484541678,3049.551559919389,8264.386076096482,3158.2526216822844,6000.876732931686,13606.435776086,0.6013586693334204,0.1282074581370947,0.38922571921825716,0.792581332680621,17.79218711652981,0.0,17.79218711652981,17.79218711652981,16.828334014600216,1.8508981026346678,13.818309805980855,21.372650516054787,1.7595116351573639,1.1220318151379525,0.6302420161666689,3.9738773105489553,0.0,0.0,0.0,0.0,6.5241834093014255,3.546717439888549,1.587551167197555,12.268867482408336,53.88295342763129,12.406490926312252,29.913606911447083,64.89252814738997,7.345779821131109,3.7566743591231733,0.3972194637537239,12.189349112426036,88.19714675445822,9.818590324328445,70.29598308668076,99.55357142857143,92.1432317695301,7.250125570338942,76.95560253699789,100.0
employment,qwen3-coder-30b-a3b-instruct,9,1032.7777777777778,18.25606613203633,1010.0,1067.0,18.0,0.0,18.0,18.0,0.06765139761743132,0.0767920944145315,0.0,0.21097046413502107,3.888888888888889,2.960647243216495,0.0,7.0,0.3745189190735327,0.28584092986507853,0.0,0.6869479882237487,4.888888888888889,2.0245407953653998,2.0,7.0,0.47271095163000776,0.1952503846016357,0.19474196689386564,0.6869479882237487,85.80246913580247,22.697254704753377,22.22222222222222,100.0,11239.0,0.0,11239.0,11239.0,18.0,0.0,18.0,18.0,3.137882967049263,0.0,3.137882967049263,3.137882967049263,0.0,0.0,0.0,0.0,0.0,0.0,0.0,0.0,0.0,0.0,0.0,0.0,0.0,0.0,0.0,0.0,0.4677824873516626,0.06420834516364694,0.3724506559605456,0.5341032996995982,83.35441340735541,2.558774403458692,78.11506864889914,85.9785542095018,6021.573904672305,46.69278564159383,6002.571667308114,6153.587096671684,0.5581818985162406,0.13668503044869904,0.384128812058077,0.7583727343373095,17.79218711652981,0.0,17.79218711652981,17.79218711652981,14.748503440815865,1.6212679369672482,12.038310412573674,16.21370837374717,3.0436836757139414,1.6212679369672482,1.5784787427826394,5.753876703956136,0.0,0.0,0.0,0.0,2.402135372627672,1.3720609691320573,0.05569516507268833,5.0399551380905665,57.13105093223281,24.663699980371955,28.98832684824903,93.07992202729045,0.04289768597808711,0.04796912901497124,0.0,0.09823182711198428,49.646510139677005,40.4721657824322,0.3514526710402999,99.8539435248296,52.019565462527126,40.02754461961056,0.4686035613870665,100.0
hatecrime,kimi-k2-instruct-0905,9,1019.4444444444445,18.197137205317098,998.0,1047.0,20.0,0.0,20.0,20.0,3.261222263572539,3.7302346852664,0.0,9.289970208540218,3.888888888888889,1.9116278371205837,1.0,7.0,0.3810538524745575,0.18613797466559368,0.09551098376313276,0.6951340615690168,26.666666666666668,3.4641016151377544,21.0,33.0,2.61645320053486,0.3379994156147693,2.005730659025788,3.1761308950914344,90.55555555555556,16.405358955814886,60.0,100.0,265834.0,0.0,265834.0,265834.0,20.0,0.0,20.0,20.0,13.516141652309335,0.0,13.516141652309335,13.516141652309335,4084.0,0.0,4084.0,4084.0,1.5362970876562065,0.0,1.5362970876562065,1.5362970876562065,16901.0,0.0,16901.0,16901.0,6.357727002565511,0.0,6.357727002565511,6.357727002565511,0.34770770480509017,0.02423046144971873,0.3100750420546757,0.3863875763634521,1.364350055113815,0.16440261501989356,1.182805913494453,1.605872759966239,0.6391304941866555,0.036475037633871624,0.6015307231005868,0.6941731985609989,0.4429503685349764,0.11949768014287171,0.2902970141209212,0.5935192087075025,10.0,0.0,10.0,10.0,10.001638743899768,0.0031622090265267877,10.0,10.009018036072144,0.0016387438997702316,0.0031622090265267873,0.0,0.009018036072143687,0.0,0.0,0.0,0.0,1.1014060740917824,0.3310911723629904,0.5279308238024801,1.5235124760076775,28.57401426353019,18.648587571104155,4.958677685950414,51.39826422372227,0.05476612194411718,0.10569454958998142,0.0,0.3015075376884422,0.8718388759226902,1.545659730170858,0.0,4.8804780876494025,1.7436777518453803,3.091319460341716,0.0,9.760956175298805
hatecrime,llama-3.1-8b-instruct,9,557.8888888888889,210.53553114983518,237.0,830.0,20.0,0.0,20.0,20.0,3.869532328397772,1.3832500498468303,2.144578313253012,6.518987341772152,2.7777777777777777,4.708804466759354,0.0,12.0,0.6837887044427492,1.236476397346005,0.0,3.418803418803419,3.0,4.594682917363407,0.0,12.0,0.7129233130166102,1.2214754289959833,0.0,3.418803418803419,68.88888888888889,13.494397557212354,60.0,95.0,265834.0,0.0,265834.0,265834.0,20.0,0.0,20.0,20.0,13.516141652309335,0.0,13.516141652309335,13.516141652309335,4084.0,0.0,4084.0,4084.0,1.5362970876562065,0.0,1.5362970876562065,1.5362970876562065,16901.0,0.0,16901.0,16901.0,6.357727002565511,0.0,6.357727002565511,6.357727002565511,0.22611472315263315,0.0453106237008426,0.17767743407654443,0.33349929439855874,1.039524660708379,0.5693950592258739,0.5966106188878814,2.433353299524994,1.060343330725265,0.612096786663477,0.5541688973729275,2.7171776647961585,0.5422951334586085,0.10895399566699555,0.4181344338348796,0.7032912195822375,10.0,0.0,10.0,10.0,10.160642131713775,0.4355886453270041,9.678237650200266,11.281853281853282,0.23214487611371443,0.40205984494041197,0.0,1.281853281853282,0.0,0.0,0.0,0.0,1.9528512388229413,2.091834939461409,0.0,7.096262972256885,40.529137053432024,18.190154886990875,18.549713136570656,67.13370646577262,4.903364589038487,8.925688616913884,0.0,26.34146341463415,2.8368914120141304,2.5789974632678403,0.14245014245014245,7.805907172995781,4.0682619399130475,3.534396662035871,0.2849002849002849,11.081441922563418
hatecrime,qwen3-coder-30b-a3b-instruct,9,1012.3333333333334,15.14375558880073,987.0,1032.0,20.0,0.0,20.0,20.0,0.6051378778636898,0.4510541508919589,0.025303643724696356,1.4534883720930232,0.1111111111111111,0.31426968052735443,0.0,1.0,0.011257458065968706,0.03184089974947867,0.0,0.10131712259371835,3.111111111111111,2.4241582476968255,1.0,8.0,0.3103500819316974,0.24558850337100624,0.09689922480620156,0.8105369807497468,91.11111111111111,8.089010988089465,80.0,100.0,265834.0,0.0,265834.0,265834.0,20.0,0.0,20.0,20.0,13.516141652309335,0.0,13.516141652309335,13.516141652309335,4084.0,0.0,4084.0,4084.0,1.5362970876562065,0.0,1.5362970876562065,1.5362970876562065,16901.0,0.0,16901.0,16901.0,6.357727002565511,0.0,6.357727002565511,6.357727002565511,0.35040136429103336,0.06879617540129133,0.281329190459934,0.46889096724750556,1.0150484129940764,0.3020812275279331,0.593991861070584,1.4465195864940397,3.0207983691237423,2.1904364376683967,0.6019212502705606,7.659333346798004,0.5614970384600103,0.10752075441949371,0.40898965629918854,0.6996867398343025,10.0,0.0,10.0,10.0,9.994174579717834,0.009219906770562107,9.97337278106509,10.0,0.005825420282165952,0.009219906770562109,0.0,0.0266272189349106,0.0,0.0,0.0,0.0,1.9230729784381688,0.5060786283232186,1.0890299145530906,2.9248970314464744,46.690943550964874,17.63812301928526,20.880633144479507,68.55673444477146,0.06609029079618131,0.10419040290019224,0.0,0.2967359050445104,1.8525217146155601,2.1444290253653793,0.0,5.383123181377304,3.683149614233857,4.305170014052254,0.0,10.766246362754607
lending,kimi-k2-instruct-0905,9,878.5555555555555,152.19878165019085,581.0,1040.0,58.0,0.0,58.0,58.0,7.139227616017048,2.090181671043959,4.856918721648078,10.905172413793103,2.3333333333333335,6.599663291074445,0.0,21.0,0.4016064257028112,1.1359145079301967,0.0,3.614457831325301,3.7777777777777777,6.778688463408731,0.0,22.0,0.5775177860924501,1.1627624389511826,0.0,3.7865748709122204,56.513409961685824,14.189183285165674,39.6551724137931,77.58620689655173,12229298.0,0.0,12229298.0,12229298.0,58.0,0.0,58.0,58.0,16.23392051809825,0.0,16.23392051809825,16.23392051809825,32748.0,0.0,32748.0,32748.0,0.26778315484666415,0.0,0.26778315484666415,0.26778315484666415,5006136.0,0.0,5006136.0,5006136.0,40.935595812613286,0.0,40.935595812613286,40.935595812613286,0.5229351714554532,0.13712360815740712,0.36128550221757166,0.8248959844711427,306052679.2074889,227772217.23958877,34061.78231900978,566303997.7521999,172243456.2610792,179073360.5377154,309963.3328329234,437005203.8765917,0.5988511813837256,0.17831255975403282,0.3212996504096801,0.8325546111576978,2.0,0.0,2.0,2.0,4.009865882112805,2.4050912316360114,1.8349397590361445,8.296153846153846,2.0802783934947553,2.3444544145989252,0.0,6.296153846153846,0.0,0.0,0.0,0.0,3.8832621366312474,1.3626375927758305,1.894768126835235,6.932765999819451,58.30880736901262,27.01090626644787,15.783731922796525,93.08415270250914,,,,,16.656999878132964,19.735138585593745,0.0,48.367952522255194,16.656999878132964,19.735138585593745,0.0,48.367952522255194
lending,llama-3.1-8b-instruct,9,1000.6666666666666,27.145697428669777,964.0,1040.0,58.0,0.0,58.0,58.0,23.687610350332076,5.671251536930543,16.568893976248393,36.15915119363395,27.77777777777778,43.34301886060335,0.0,139.0,2.834940577003087,4.452405346682164,0.0,14.256410256410257,68.55555555555556,52.08350370342505,6.0,156.0,6.943762419104919,5.40132740069946,0.5923000987166831,16.132368148914168,39.84674329501916,0.5418442767713012,39.6551724137931,41.37931034482759,12229298.0,0.0,12229298.0,12229298.0,58.0,0.0,58.0,58.0,16.23392051809825,0.0,16.23392051809825,16.23392051809825,32748.0,0.0,32748.0,32748.0,0.26778315484666415,0.0,0.26778315484666415,0.26778315484666415,5006136.0,0.0,5006136.0,5006136.0,40.935595812613286,0.0,40.935595812613286,40.935595812613286,0.5507938866330987,0.10012385002139529,0.4192233905141616,0.7041318913012463,856597116.6813073,1181377583.1636915,78667714.56997684,4157182619.492843,2814449754.838284,6287352485.486909,85260525.54436521,20468074451.67275,0.6136944812671663,0.0973225768027846,0.5028976290591524,0.751313826644712,2.0,0.0,2.0,2.0,2.2748149637503445,0.31418613667647616,2.0,3.031,0.27481496375034464,0.3141861366764761,0.0,1.0310000000000001,0.0,0.0,0.0,0.0,9.865059453949641,1.4307807909267587,7.940442239534291,13.061297482922487,50.190054276295015,20.813879473514493,26.73672241666703,80.63569063652488,,,,,57.12112705606559,21.09208131577234,24.896265560165975,83.84912959381045,57.12112705606559,21.09208131577234,24.896265560165975,83.84912959381045
lending,qwen3-coder-30b-a3b-instruct,9,565.1111111111111,113.31710123409778,425.0,764.0,58.0,0.0,58.0,58.0,11.598099390204,4.360081363978041,5.245990091725119,16.989200153500356,33.44444444444444,26.617083532995668,0.0,90.0,5.683902339757496,4.312875998961175,0.0,14.308426073131955,50.888888888888886,30.49752064401463,7.0,95.0,8.5761413149365,4.4038608096900225,1.364522417153996,14.94435612082671,51.34099616858238,12.896576766058876,32.758620689655174,68.96551724137932,12229298.0,0.0,12229298.0,12229298.0,58.0,0.0,58.0,58.0,16.23392051809825,0.0,16.23392051809825,16.23392051809825,32748.0,0.0,32748.0,32748.0,0.26778315484666415,0.0,0.26778315484666415,0.26778315484666415,5006136.0,0.0,5006136.0,5006136.0,40.935595812613286,0.0,40.935595812613286,40.935595812613286,0.4947264342372873,0.16590553555418097,0.2744947880278795,0.7951023202436365,371229789.79889625,231433320.4378293,48047612.01496738,622963470.8456209,794681865.1349174,1519087666.2901835,60645867.94649975,5082570866.939953,0.5698410168357456,0.13040794495241073,0.39616247718402464,0.8028507544827331,2.0,0.0,2.0,2.0,2.452871617318083,0.8300345636231011,1.9502133712660028,4.072178477690288,0.46393531259230447,0.8239017564680686,0.0022026431718060735,2.0721784776902883,0.0,0.0,0.0,0.0,7.073083243569203,1.146799544239453,4.833835804499195,8.547709110932121,52.22408453370431,21.831527995470935,26.275927946709384,95.8398953399696,,,,,42.627687155048875,32.307978212568585,3.4139402560455197,93.46534653465348,42.627687155048875,32.307978212568585,3.4139402560455197,93.46534653465348
