domain,shot,runs_count,generated_row_count_mean,generated_row_count_std,generated_row_count_min,generated_row_count_max,generated_column_count_mean,generated_column_count_std,generated_column_count_min,generated_column_count_max,generated_overall_missing_pct_mean,generated_overall_missing_pct_std,generated_overall_missing_pct_min,generated_overall_missing_pct_max,generated_duplicate_rows_mean,generated_duplicate_rows_std,generated_duplicate_rows_min,generated_duplicate_rows_max,generated_duplicate_rows_pct_mean,generated_duplicate_rows_pct_std,generated_duplicate_rows_pct_min,generated_duplicate_rows_pct_max,generated_duplicate_rows_primary_key_mean,generated_duplicate_rows_primary_key_std,generated_duplicate_rows_primary_key_min,generated_duplicate_rows_primary_key_max,generated_duplicate_rows_primary_key_pct_mean,generated_duplicate_rows_primary_key_pct_std,generated_duplicate_rows_primary_key_pct_min,generated_duplicate_rows_primary_key_pct_max,generated_type_correctness_pct_mean,generated_type_correctness_pct_std,generated_type_correctness_pct_min,generated_type_correctness_pct_max,real_row_count_mean,real_row_count_std,real_row_count_min,real_row_count_max,real_column_count_mean,real_column_count_std,real_column_count_min,real_column_count_max,real_overall_missing_pct_mean,real_overall_missing_pct_std,real_overall_missing_pct_min,real_overall_missing_pct_max,real_duplicate_rows_mean,real_duplicate_rows_std,real_duplicate_rows_min,real_duplicate_rows_max,real_duplicate_rows_pct_mean,real_duplicate_rows_pct_std,real_duplicate_rows_pct_min,real_duplicate_rows_pct_max,real_duplicate_rows_primary_key_mean,real_duplicate_rows_primary_key_std,real_duplicate_rows_primary_key_min,real_duplicate_rows_primary_key_max,real_duplicate_rows_primary_key_pct_mean,real_duplicate_rows_primary_key_pct_std,real_duplicate_rows_primary_key_pct_min,real_duplicate_rows_primary_key_pct_max,numeric_avg_ks_real_vs_generated_mean,numeric_avg_ks_real_vs_generated_std,numeric_avg_ks_real_vs_generated_min,numeric_avg_ks_real_vs_generated_max,numeric_avg_mean_diff_real_vs_generated_mean,numeric_avg_mean_diff_real_vs_generated_std,numeric_avg_mean_diff_real_vs_generated_min,numeric_avg_mean_diff_real_vs_generated_max,numeric_avg_std_diff_real_vs_generated_mean,numeric_avg_std_diff_real_vs_generated_std,numeric_avg_std_diff_real_vs_generated_min,numeric_avg_std_diff_real_vs_generated_max,categorical_avg_js_divergence_real_vs_generated_mean,categorical_avg_js_divergence_real_vs_generated_std,categorical_avg_js_divergence_real_vs_generated_min,categorical_avg_js_divergence_real_vs_generated_max,text_avg_length_real_mean_mean,text_avg_length_real_mean_std,text_avg_length_real_mean_min,text_avg_length_real_mean_max,text_avg_length_generated_mean_mean,text_avg_length_generated_mean_std,text_avg_length_generated_mean_min,text_avg_length_generated_mean_max,text_avg_length_abs_diff_mean_mean,text_avg_length_abs_diff_mean_std,text_avg_length_abs_diff_mean_min,text_avg_length_abs_diff_mean_max,text_empty_pct_generated_mean_mean,text_empty_pct_generated_mean_std,text_empty_pct_generated_mean_min,text_empty_pct_generated_mean_max,numeric_outlier_pct_mean_mean,numeric_outlier_pct_mean_std,numeric_outlier_pct_mean_min,numeric_outlier_pct_mean_max,categorical_unexpected_value_pct_mean_mean,categorical_unexpected_value_pct_mean_std,categorical_unexpected_value_pct_mean_min,categorical_unexpected_value_pct_mean_max,date_invalid_values_pct_mean_mean,date_invalid_values_pct_mean_std,date_invalid_values_pct_mean_min,date_invalid_values_pct_mean_max,row_constraints_mean_violations_pct_mean,row_constraints_mean_violations_pct_std,row_constraints_mean_violations_pct_min,row_constraints_mean_violations_pct_max,row_constraints_max_violations_pct_mean,row_constraints_max_violations_pct_std,row_constraints_max_violations_pct_min,row_constraints_max_violations_pct_max
employment,few,9,1010.0,42.97544518546479,946.0,1067.0,18.0,0.0,18.0,18.0,0.10105731245944567,0.12242234324105769,0.0,0.40467106023817784,7.222222222222222,13.91863481314631,0.0,46.0,0.7376631290281346,1.4502867162962592,0.0,4.786680541103017,8.333333333333334,13.424687043734844,1.0,46.0,0.8473242695999943,1.402434487633303,0.10471204188481677,4.786680541103017,70.98765432098766,34.721879285000576,22.22222222222222,100.0,11239.0,0.0,11239.0,11239.0,18.0,0.0,18.0,18.0,3.137882967049263,0.0,3.137882967049263,3.137882967049263,0.0,0.0,0.0,0.0,0.0,0.0,0.0,0.0,0.0,0.0,0.0,0.0,0.0,0.0,0.0,0.0,0.3822955957104471,0.016603195271014375,0.35896755059526414,0.4115865748907188,80.48012702241545,2.972619883934656,77.46377484541678,87.13189334496282,6049.935337104671,92.43122365096703,6000.876732931686,6275.087380979218,0.4744513297278321,0.07240217595568818,0.384128812058077,0.6143168799594978,17.79218711652981,0.0,17.79218711652981,17.79218711652981,16.026656878689977,0.4847249351297239,15.415389527458494,16.946088794926002,1.765530237839834,0.4847249351297239,0.846098321603808,2.376797589071316,0.0,0.0,0.0,0.0,1.5816979959158273,0.813755488306999,0.5621107170825532,3.2287958954625617,44.480950947764846,12.864159708105978,28.98832684824903,70.88122605363985,3.4840483230239276,5.020841243411682,0.0,12.189349112426036,25.87288604428096,35.838483851281865,0.0,82.87958115183245,28.83693952986347,39.063605678717025,0.0,90.26178010471205
employment,one,9,1005.5555555555555,41.09098606510276,933.0,1051.0,18.0,0.0,18.0,18.0,0.049455607671446175,0.07212899740737747,0.0,0.22482546444207788,17.444444444444443,27.673136235992523,0.0,76.0,1.7911791163161948,2.8895369662210553,0.0,8.145766345123258,20.22222222222222,26.60734141705914,0.0,76.0,2.0590471430474784,2.783863529050143,0.0,8.145766345123258,70.98765432098766,34.62297200587693,22.22222222222222,100.0,11239.0,0.0,11239.0,11239.0,18.0,0.0,18.0,18.0,3.137882967049263,0.0,3.137882967049263,3.137882967049263,0.0,0.0,0.0,0.0,0.0,0.0,0.0,0.0,0.0,0.0,0.0,0.0,0.0,0.0,0.0,0.0,0.49150843831503455,0.058714164871213295,0.41410960140190006,0.5986638443160522,84.50539562843252,3.2615715675037924,79.73753700610891,89.54306803953614,6004.360026537375,1.1107091205609736,6002.449320746005,6006.29540841926,0.5394914422187362,0.07182801231748512,0.43623748478136654,0.6435731198002447,17.79218711652981,0.0,17.79218711652981,17.79218711652981,16.053651212176916,0.5186318825974199,15.473768394113884,17.16194510036314,1.7385359043528912,0.5186318825974199,0.6302420161666689,2.3184187224159256,0.0,0.0,0.0,0.0,3.9162914685131014,2.4825724259388102,0.6649300795174116,7.7895133770478795,50.033751311731365,8.718366150116937,36.38095238095238,62.33905579399141,1.1953528172669687,2.211047700922008,0.0,6.76605504587156,45.67477305411531,36.53397019349935,0.0,89.58998935037275,48.78728219140992,38.228226069370145,0.0,93.2475884244373
employment,zero,9,977.8888888888889,69.36448730269281,791.0,1027.0,18.0,0.0,18.0,18.0,0.7856316275383697,1.9024350852197858,0.0,6.15079365079365,1.3333333333333333,3.1269438398822857,0.0,10.0,0.13925110273994656,0.32829672719934005,0.0,1.050420168067227,7.333333333333333,12.640323483905691,2.0,43.0,0.7615277242146644,1.3302631483431884,0.19474196689386564,4.516806722689076,70.98765432098766,30.851849381727902,22.22222222222222,100.0,11239.0,0.0,11239.0,11239.0,18.0,0.0,18.0,18.0,3.137882967049263,0.0,3.137882967049263,3.137882967049263,0.0,0.0,0.0,0.0,0.0,0.0,0.0,0.0,0.0,0.0,0.0,0.0,0.0,0.0,0.0,0.0,0.39574488891994924,0.08616947154830275,0.30003325907508227,0.5308385649661215,921.9891785479902,1210.5151672500615,71.6681323046403,3049.551559919389,8235.148669125983,3177.690332137366,6001.815320605013,13606.435776086,0.7552241734728262,0.037760990698928326,0.6815951693161674,0.8061618770784533,17.79218711652981,0.0,17.79218711652981,17.79218711652981,14.034294220911725,2.908807890572056,12.03740157480315,21.372650516054787,4.553551428845857,1.3594453810458804,1.250530678673769,5.75478554172666,0.0,0.0,0.0,0.0,4.492792313634238,4.38272375377696,0.05569516507268833,12.268867482408336,83.53408749756328,14.901384013992717,60.913705583756354,98.01587301587301,2.7314466188736093,4.117474519664494,0.0,10.53370786516854,66.3591614938901,46.90059773410945,0.0,99.8539435248296,66.60443346478152,47.073439522710295,0.0,100.0
hatecrime,few,9,790.6666666666666,324.2666940789462,237.0,1032.0,20.0,0.0,20.0,20.0,4.75681453813158,3.196279060637202,0.6838021338506304,9.289970208540218,2.7777777777777777,3.7350525142159134,0.0,11.0,0.4315029805779106,0.7655541026273663,0.0,2.494331065759637,10.444444444444445,12.056451579604923,0.0,31.0,1.1916569762339124,1.2821485187347907,0.0,3.0784508440913605,87.22222222222223,15.654447559561524,60.0,100.0,265834.0,0.0,265834.0,265834.0,20.0,0.0,20.0,20.0,13.516141652309335,0.0,13.516141652309335,13.516141652309335,4084.0,0.0,4084.0,4084.0,1.5362970876562065,0.0,1.5362970876562065,1.5362970876562065,16901.0,0.0,16901.0,16901.0,6.357727002565511,0.0,6.357727002565511,6.357727002565511,0.29285894244436905,0.07335743282399527,0.1850906303835762,0.3863875763634521,0.9516948535102748,0.21988511091434867,0.6478961820081025,1.282672530945115,1.623074835938257,1.3491335173087138,0.6139677366919251,4.502279285030123,0.38575184019096115,0.06342416649715103,0.2902970141209212,0.4442939265215745,10.0,0.0,10.0,10.0,10.003791785050336,0.008539853627961662,10.0,10.027149321266968,0.0037917850503349135,0.008539853627961664,0.0,0.02714932126696823,0.0,0.0,0.0,0.0,1.0391868452802455,0.7484063475967156,0.0,2.3661650138022705,16.841614728432578,8.632640704779888,4.958677685950414,27.003935419708146,0.12737136024807258,0.2871963159800479,0.0,0.91324200913242,3.430298980078635,2.4244636904416,0.45351473922902497,7.805907172995781,5.958254040592818,3.8767992114942027,0.6802721088435374,10.766246362754607
hatecrime,one,9,860.1111111111111,236.88039384392775,351.0,1047.0,20.0,0.0,20.0,20.0,1.9393407249117844,1.6765230721486895,0.31714568880079286,5.398860398860399,1.8888888888888888,3.664982778326809,0.0,12.0,0.434968356018862,1.0580234406710567,0.0,3.418803418803419,10.11111111111111,10.702486153999136,0.0,27.0,1.2467861491248184,1.308205068076978,0.0,3.418803418803419,78.88888888888889,15.416041028346232,60.0,100.0,265834.0,0.0,265834.0,265834.0,20.0,0.0,20.0,20.0,13.516141652309335,0.0,13.516141652309335,13.516141652309335,4084.0,0.0,4084.0,4084.0,1.5362970876562065,0.0,1.5362970876562065,1.5362970876562065,16901.0,0.0,16901.0,16901.0,6.357727002565511,0.0,6.357727002565511,6.357727002565511,0.27703682511942873,0.058279529303346185,0.17767743407654443,0.3466265962815298,0.8979760979504984,0.28959881907760293,0.593991861070584,1.3357846345861382,2.2274383390944794,2.287144300742876,0.6015307231005868,7.659333346798004,0.5042698357967932,0.050840593843567906,0.4321720004123886,0.5838588144689667,10.0,0.0,10.0,10.0,9.9982718249602,0.011404055066808576,9.97337278106509,10.009018036072144,0.007896323072657986,0.008407564621648659,0.0,0.0266272189349106,0.0,0.0,0.0,0.0,1.63500964427032,0.8177575707679637,0.9470977740208509,3.75,38.11588915588033,7.663710343869395,28.333478838489274,50.76132984953599,0.12491320787214434,0.12149864458795386,0.0,0.3015075376884422,0.9527908208827244,1.495000691917761,0.0,4.843110504774898,1.4569347598551485,2.106550811472217,0.0,6.548431105047749
hatecrime,zero,9,938.8888888888889,111.77203431234929,749.0,1042.0,20.0,0.0,20.0,20.0,1.039737206790636,1.2289078066249957,0.0,3.0774365821094793,2.111111111111111,2.3778816176702997,0.0,6.0,0.2096286783865028,0.22936361966987173,0.0,0.5758157389635317,12.222222222222221,12.172626647777088,1.0,33.0,1.2012834701244364,1.1593335867147119,0.1287001287001287,3.1761308950914344,84.44444444444444,17.864372434237254,60.0,100.0,265834.0,0.0,265834.0,265834.0,20.0,0.0,20.0,20.0,13.516141652309335,0.0,13.516141652309335,13.516141652309335,4084.0,0.0,4084.0,4084.0,1.5362970876562065,0.0,1.5362970876562065,1.5362970876562065,16901.0,0.0,16901.0,16901.0,6.357727002565511,0.0,6.357727002565511,6.357727002565511,0.3543280246849589,0.07308067823252208,0.23582965816760082,0.46889096724750556,1.5692521773554975,0.32867064717808153,1.1966936514388644,2.433353299524994,0.8697590190029261,0.6546134110952385,0.5541688973729275,2.7171776647961585,0.6567208644658409,0.04792819745795413,0.586947765524097,0.7032912195822375,10.0,0.0,10.0,10.0,10.154391845320843,0.4377417069149491,9.678237650200266,11.281853281853282,0.22792093217265771,0.4043596079629307,0.0,1.281853281853282,0.0,0.0,0.0,0.0,2.303133801802327,1.7832590072378889,0.9729129689673977,7.096262972256885,60.83659098361419,7.620869430488769,50.11267574260182,68.55673444477146,4.77193643365857,8.991098268138487,0.0,26.34146341463415,1.1781622015910207,1.9242872718609783,0.0,5.941255006675568,2.0799005055443165,3.5103986024402363,0.0,11.081441922563418
lending,few,9,763.3333333333334,199.67918714222014,456.0,1034.0,58.0,0.0,58.0,58.0,15.03272101398193,7.21607341026491,5.2532327586206895,23.926165543920497,26.0,27.26414006223804,0.0,90.0,4.185956484947258,4.85976083121365,0.0,14.308426073131955,38.333333333333336,27.696770770454652,0.0,94.0,5.743775413553185,4.956326832890866,0.0,14.94435612082671,52.10727969348659,14.556866085450478,39.6551724137931,77.58620689655173,12229298.0,0.0,12229298.0,12229298.0,58.0,0.0,58.0,58.0,16.23392051809825,0.0,16.23392051809825,16.23392051809825,32748.0,0.0,32748.0,32748.0,0.26778315484666415,0.0,0.26778315484666415,0.26778315484666415,5006136.0,0.0,5006136.0,5006136.0,40.935595812613286,0.0,40.935595812613286,40.935595812613286,0.3708784529822639,0.06284433965514576,0.2744947880278795,0.48715206193720473,172486676.16728958,216445110.85281548,48047612.01496738,758004686.2045275,504245877.3557422,798047370.2193292,50929688.28323089,2621992917.1668344,0.444323583589003,0.07861152220257282,0.3212996504096801,0.5507393655905263,2.0,0.0,2.0,2.0,2.200977734754767,0.32859279289932336,2.0,3.031,0.2009777347547672,0.32859279289932336,0.0,1.0310000000000001,0.0,0.0,0.0,0.0,7.684002485813249,2.611414380761559,4.180858978473805,13.061297482922487,31.06141474742178,8.245104270201438,15.783731922796525,42.06398798612327,,,,,34.41458155031757,29.40905595782697,0.0,83.84912959381045,34.41458155031757,29.40905595782697,0.0,83.84912959381045
lending,one,9,822.3333333333334,254.9906316361882,425.0,1030.0,58.0,0.0,58.0,58.0,16.15384320902759,10.562466956868859,4.856918721648078,36.15915119363395,26.666666666666668,43.4664621672081,0.0,139.0,3.265105739983727,4.371470915718674,0.0,14.256410256410257,44.0,60.9936244391348,0.0,156.0,5.489550140868504,6.246130008867788,0.0,16.132368148914168,54.78927203065135,12.55922099853162,39.6551724137931,72.41379310344827,12229298.0,0.0,12229298.0,12229298.0,58.0,0.0,58.0,58.0,16.23392051809825,0.0,16.23392051809825,16.23392051809825,32748.0,0.0,32748.0,32748.0,0.26778315484666415,0.0,0.26778315484666415,0.26778315484666415,5006136.0,0.0,5006136.0,5006136.0,40.935595812613286,0.0,40.935595812613286,40.935595812613286,0.52095307511947,0.025581918568146553,0.46394840587506947,0.5463171963633789,463331633.5363049,82508787.9130886,280598984.2403691,566303997.7521999,834553643.7091763,1504852701.5228179,160333857.65421426,5082570866.939953,0.5941457093691899,0.0786476386725532,0.5111799590876692,0.7235238959775839,2.0,0.0,2.0,2.0,3.405533666452287,1.8604602566120252,2.0069101678183614,6.157281553398058,1.4055336664522868,1.8604602566120252,0.006910167818361401,4.157281553398058,0.0,0.0,0.0,0.0,6.920618674719507,2.5603207126275196,2.8065348140561355,10.63888336982017,51.693053196326815,19.845728323217664,26.73672241666703,84.00791867196764,,,,,63.299274564456596,23.919632602042626,19.42800788954635,93.46534653465348,63.299274564456596,23.919632602042626,19.42800788954635,93.46534653465348
lending,zero,9,858.6666666666666,167.8570820668583,513.0,1040.0,58.0,0.0,58.0,58.0,11.238373133543599,5.0261139629966385,5.245990091725119,18.98209549071618,10.88888888888889,19.69458156980941,0.0,52.0,1.4693871175324085,2.6740899639356086,0.0,6.806282722513089,40.888888888888886,37.78725371351928,1.0,95.0,4.864095965712179,4.653498180280738,0.09615384615384616,13.513513513513514,40.804597701149426,5.804313182966711,32.758620689655174,50.0,12229298.0,0.0,12229298.0,12229298.0,58.0,0.0,58.0,58.0,16.23392051809825,0.0,16.23392051809825,16.23392051809825,32748.0,0.0,32748.0,32748.0,0.26778315484666415,0.0,0.26778315484666415,0.26778315484666415,5006136.0,0.0,5006136.0,5006136.0,40.935595812613286,0.0,40.935595812613286,40.935595812613286,0.6766239642241053,0.0810857071610107,0.571569912764618,0.8248959844711427,898061275.984098,1166933965.8866415,34061.78231900978,4157182619.492843,2442575555.169362,6374514106.222688,309963.3328329234,20468074451.67275,0.7439173865284447,0.044998354557251395,0.6913750525114974,0.8325546111576978,2.0,0.0,2.0,2.0,3.131041061974178,2.0069515581318065,1.8349397590361445,8.296153846153846,1.2125172686303507,1.958803286150132,0.0,6.296153846153846,0.0,0.0,0.0,0.0,6.216783673617335,2.946983201655523,1.894768126835235,10.248294765062017,77.96847823526336,10.38433006166443,63.861294164551076,95.8398953399696,,,,,18.691957974473254,16.06123550524321,0.0,45.48076923076923,18.691957974473254,16.06123550524321,0.0,45.48076923076923
