domain,model,run_name,runs_count,generated_row_count_mean,generated_row_count_std,generated_row_count_min,generated_row_count_max,generated_column_count_mean,generated_column_count_std,generated_column_count_min,generated_column_count_max,generated_overall_missing_pct_mean,generated_overall_missing_pct_std,generated_overall_missing_pct_min,generated_overall_missing_pct_max,generated_duplicate_rows_mean,generated_duplicate_rows_std,generated_duplicate_rows_min,generated_duplicate_rows_max,generated_duplicate_rows_pct_mean,generated_duplicate_rows_pct_std,generated_duplicate_rows_pct_min,generated_duplicate_rows_pct_max,generated_duplicate_rows_primary_key_mean,generated_duplicate_rows_primary_key_std,generated_duplicate_rows_primary_key_min,generated_duplicate_rows_primary_key_max,generated_duplicate_rows_primary_key_pct_mean,generated_duplicate_rows_primary_key_pct_std,generated_duplicate_rows_primary_key_pct_min,generated_duplicate_rows_primary_key_pct_max,generated_type_correctness_pct_mean,generated_type_correctness_pct_std,generated_type_correctness_pct_min,generated_type_correctness_pct_max,real_row_count_mean,real_row_count_std,real_row_count_min,real_row_count_max,real_column_count_mean,real_column_count_std,real_column_count_min,real_column_count_max,real_overall_missing_pct_mean,real_overall_missing_pct_std,real_overall_missing_pct_min,real_overall_missing_pct_max,real_duplicate_rows_mean,real_duplicate_rows_std,real_duplicate_rows_min,real_duplicate_rows_max,real_duplicate_rows_pct_mean,real_duplicate_rows_pct_std,real_duplicate_rows_pct_min,real_duplicate_rows_pct_max,real_duplicate_rows_primary_key_mean,real_duplicate_rows_primary_key_std,real_duplicate_rows_primary_key_min,real_duplicate_rows_primary_key_max,real_duplicate_rows_primary_key_pct_mean,real_duplicate_rows_primary_key_pct_std,real_duplicate_rows_primary_key_pct_min,real_duplicate_rows_primary_key_pct_max,numeric_avg_ks_real_vs_generated_mean,numeric_avg_ks_real_vs_generated_std,numeric_avg_ks_real_vs_generated_min,numeric_avg_ks_real_vs_generated_max,numeric_avg_mean_diff_real_vs_generated_mean,numeric_avg_mean_diff_real_vs_generated_std,numeric_avg_mean_diff_real_vs_generated_min,numeric_avg_mean_diff_real_vs_generated_max,numeric_avg_std_diff_real_vs_generated_mean,numeric_avg_std_diff_real_vs_generated_std,numeric_avg_std_diff_real_vs_generated_min,numeric_avg_std_diff_real_vs_generated_max,categorical_avg_js_divergence_real_vs_generated_mean,categorical_avg_js_divergence_real_vs_generated_std,categorical_avg_js_divergence_real_vs_generated_min,categorical_avg_js_divergence_real_vs_generated_max,text_avg_length_real_mean_mean,text_avg_length_real_mean_std,text_avg_length_real_mean_min,text_avg_length_real_mean_max,text_avg_length_generated_mean_mean,text_avg_length_generated_mean_std,text_avg_length_generated_mean_min,text_avg_length_generated_mean_max,text_avg_length_abs_diff_mean_mean,text_avg_length_abs_diff_mean_std,text_avg_length_abs_diff_mean_min,text_avg_length_abs_diff_mean_max,text_empty_pct_generated_mean_mean,text_empty_pct_generated_mean_std,text_empty_pct_generated_mean_min,text_empty_pct_generated_mean_max,numeric_outlier_pct_mean_mean,numeric_outlier_pct_mean_std,numeric_outlier_pct_mean_min,numeric_outlier_pct_mean_max,categorical_unexpected_value_pct_mean_mean,categorical_unexpected_value_pct_mean_std,categorical_unexpected_value_pct_mean_min,categorical_unexpected_value_pct_mean_max,date_invalid_values_pct_mean_mean,date_invalid_values_pct_mean_std,date_invalid_values_pct_mean_min,date_invalid_values_pct_mean_max,row_constraints_mean_violations_pct_mean,row_constraints_mean_violations_pct_std,row_constraints_mean_violations_pct_min,row_constraints_mean_violations_pct_max,row_constraints_max_violations_pct_mean,row_constraints_max_violations_pct_std,row_constraints_max_violations_pct_min,row_constraints_max_violations_pct_max
employment,kimi-k2-instruct-0905,kimi-k2-instruct-0905-run1,3,1010.0,16.391054470858997,991.0,1031.0,18.0,0.0,18.0,18.0,0.0413119229802062,0.05842388176632034,0.0,0.1239357689406186,0.0,0.0,0.0,0.0,0.0,0.0,0.0,0.0,2.3333333333333335,0.4714045207910317,2.0,3.0,0.23114060523123273,0.04711591672109303,0.19398642095053348,0.2976190476190476,74.07407407407408,36.66479606152469,22.22222222222222,100.0,11239.0,0.0,11239.0,11239.0,18.0,0.0,18.0,18.0,3.137882967049263,0.0,3.137882967049263,3.137882967049263,0.0,0.0,0.0,0.0,0.0,0.0,0.0,0.0,0.0,0.0,0.0,0.0,0.0,0.0,0.0,0.0,0.37544919719162034,0.0533425380518252,0.30003325907508227,0.41472775760906,76.84851964804191,3.0362084430233405,72.65300631746382,79.73753700610891,6004.228980353152,0.7209048453334208,6003.355974071979,6005.121499632502,0.6172537528140777,0.13568822287715618,0.49360669183751577,0.8061618770784533,17.79218711652981,0.0,17.79218711652981,17.79218711652981,14.534334353948607,1.4031001195045032,12.551917989417989,15.600067272115709,3.257852762581203,1.4031001195045032,2.1921198444141012,5.240269127111821,0.0,0.0,0.0,0.0,1.1375609213610571,0.46288027539195764,0.5621107170825532,1.6955266955266954,66.87691926834002,22.28192154008377,47.124117053481335,98.01587301587301,0.03367003367003367,0.047616618261720374,0.0,0.10101010101010101,0.09021543063125843,0.06970656720489637,0.0,0.1697381183317168,0.098298198170864,0.07921612570243668,0.0,0.19398642095053348
employment,kimi-k2-instruct-0905,kimi-k2-instruct-0905-run2,3,1020.3333333333334,16.21384867602041,1003.0,1042.0,18.0,0.0,18.0,18.0,0.018463129131125144,0.02611080762108296,0.0,0.055389387393375435,0.0,0.0,0.0,0.0,0.0,0.0,0.0,0.0,8.666666666666666,8.055363982396381,2.0,20.0,0.8374961261876107,0.7691128953840454,0.19940179461615154,1.9193857965451053,70.37037037037037,34.346735168502605,22.22222222222222,100.0,11239.0,0.0,11239.0,11239.0,18.0,0.0,18.0,18.0,3.137882967049263,0.0,3.137882967049263,3.137882967049263,0.0,0.0,0.0,0.0,0.0,0.0,0.0,0.0,0.0,0.0,0.0,0.0,0.0,0.0,0.0,0.0,0.3722356194993571,0.05246969662965238,0.30093958142438665,0.4256954271253279,77.4303722402718,4.135104734520254,71.6681323046403,81.17525139984056,6003.263059620215,0.9678239208192825,6002.26052735203,6004.571308716334,0.6007248411520832,0.1290291014210385,0.5040736673505979,0.7830902597163178,17.79218711652981,0.0,17.79218711652981,17.79218711652981,14.501729305026183,1.7554388379283956,12.03740157480315,15.994017946161515,3.290457811503627,1.7554388379283956,1.7981691703682952,5.75478554172666,0.0,0.0,0.0,0.0,0.9921080807771485,0.3723466461879521,0.6649300795174116,1.5130190007037299,65.3578015831451,21.574004042963402,49.80806142034549,95.86614173228347,0.032840722495894904,0.04644379515182578,0.0,0.09852216748768472,0.09927566382218174,0.0814076630078031,0.0,0.19940179461615154,0.09927566382218174,0.0814076630078031,0.0,0.19940179461615154
employment,kimi-k2-instruct-0905,kimi-k2-instruct-0905-run3,3,1027.0,24.041630560342615,993.0,1044.0,18.0,0.0,18.0,18.0,0.0,0.0,0.0,0.0,0.0,0.0,0.0,0.0,0.0,0.0,0.0,0.0,2.6666666666666665,0.9428090415820634,2.0,4.0,0.2587075042539153,0.08807994429500163,0.19157088122605362,0.38314176245210724,98.14814814814815,2.618914004394621,94.44444444444444,100.0,11239.0,0.0,11239.0,11239.0,18.0,0.0,18.0,18.0,3.137882967049263,0.0,3.137882967049263,3.137882967049263,0.0,0.0,0.0,0.0,0.0,0.0,0.0,0.0,0.0,0.0,0.0,0.0,0.0,0.0,0.0,0.0,0.37567250746648284,0.04603474344395169,0.3109485897907401,0.41410960140190006,77.88966630682395,3.1962086517362653,73.37444159752604,80.32944338517045,6002.960116024363,0.8523141413995131,6001.815320605013,6003.85922718543,0.6109005387430398,0.14123773154102978,0.43623748478136654,0.7821472514882553,17.79218711652981,0.0,17.79218711652981,17.79218711652981,14.577230910112808,1.452723407895493,12.533736153071501,15.78256704980843,3.2149562064170016,1.452723407895493,2.0096200667213804,5.2584509634583085,0.0,0.0,0.0,0.0,1.0637199862640012,0.1417840223006802,0.8991512012660049,1.2452107279693487,68.86963534010101,23.076160844008545,39.6551724137931,96.07250755287009,0.0,0.0,0.0,0.0,0.0,0.0,0.0,0.0,0.0,0.0,0.0,0.0
employment,llama-3.1-8b-instruct,llama-3.1-8b-instruct-run1,3,960.0,19.510680835549195,939.0,986.0,18.0,0.0,18.0,18.0,0.20308250424474128,0.12464265916626138,0.04072134962187318,0.3437006986702727,0.6666666666666666,0.9428090415820634,0.0,2.0,0.0676132521974307,0.09561957825375897,0.0,0.2028397565922921,1.6666666666666667,1.699673171197595,0.0,4.0,0.17013051835646698,0.17195667991740282,0.0,0.4056795131845842,46.2962962962963,34.045882057130065,22.22222222222222,94.44444444444444,11239.0,0.0,11239.0,11239.0,18.0,0.0,18.0,18.0,3.137882967049263,0.0,3.137882967049263,3.137882967049263,0.0,0.0,0.0,0.0,0.0,0.0,0.0,0.0,0.0,0.0,0.0,0.0,0.0,0.0,0.0,0.0,0.4197123797454743,0.06606975316564999,0.3725320082318887,0.513147592762158,784.21874010401,992.0741774527431,79.67855272435985,2187.219105380264,8018.374234600634,2851.6506943860772,6000.876732931686,12051.217130341738,0.6201273383346938,0.14975912322434645,0.42742777493460926,0.792581332680621,17.79218711652981,0.0,17.79218711652981,17.79218711652981,15.676497826199993,1.3141680044201838,13.818309805980855,16.63574605488914,2.1156892903298146,1.3141680044201838,1.1564410616406704,3.9738773105489553,0.0,0.0,0.0,0.0,7.117368759005633,4.368826954003454,1.587551167197555,12.268867482408336,53.45683561232801,13.738490901975808,34.13612565445026,64.89252814738997,8.2858749897857,3.708712536371711,3.3003300330033,12.189349112426036,90.47667224988992,6.594857111376076,82.87958115183245,98.9604462474645,93.99179213895786,4.033510919323606,90.26178010471205,99.59432048681542
employment,llama-3.1-8b-instruct,llama-3.1-8b-instruct-run2,3,921.0,94.16297927883689,791.0,1011.0,18.0,0.0,18.0,18.0,0.2566302981615203,0.18217835996428886,0.0,0.40467106023817784,35.666666666666664,25.952948879762307,0.0,61.0,3.6067702034471316,2.600681225728469,0.0,6.033630069238378,36.333333333333336,25.037749277618563,2.0,61.0,3.6910517036578354,2.483904501603974,0.2528445006321113,6.033630069238378,59.25925925925926,31.860463952009727,22.22222222222222,100.0,11239.0,0.0,11239.0,11239.0,18.0,0.0,18.0,18.0,3.137882967049263,0.0,3.137882967049263,3.137882967049263,0.0,0.0,0.0,0.0,0.0,0.0,0.0,0.0,0.0,0.0,0.0,0.0,0.0,0.0,0.0,0.0,0.43966927051361115,0.1125227267548275,0.3544632026087576,0.5986638443160522,922.8695428589502,1180.206971055916,87.13189334496282,2591.9336671923515,8237.705724286352,2967.6555928442044,6006.29540841926,12431.734383460576,0.5776200389987506,0.1391864369368115,0.38922571921825716,0.721213368240288,17.79218711652981,0.0,17.79218711652981,17.79218711652981,17.925274106552266,2.439531536787516,16.084675265520904,21.372650516054787,2.253888609660862,0.9428745415669689,1.4736905784487035,3.5804633995249766,0.0,0.0,0.0,0.0,5.833338450604603,2.3569579776608993,3.2287958954625617,8.937038306146357,50.02519384525245,14.237283600155065,29.913606911447083,60.913705583756354,6.160096178940019,4.253206027498006,0.3972194637537239,10.53370786516854,88.01450564737888,9.521775713803702,75.93652445369408,99.20986093552466,92.37017284915406,6.331211854236901,84.28720083246618,99.74715549936789
employment,llama-3.1-8b-instruct,llama-3.1-8b-instruct-run3,3,943.6666666666666,7.93025150224688,933.0,952.0,18.0,0.0,18.0,18.0,2.0859915956378976,2.874582144670052,0.0,6.15079365079365,30.0,32.61901286060018,4.0,76.0,3.2063398313876665,3.5020867239211313,0.42283298097251587,8.145766345123258,41.333333333333336,29.00957696271277,5.0,76.0,4.397038098009326,3.1108721200142075,0.5285412262156448,8.145766345123258,33.333333333333336,15.713484026367723,22.22222222222222,55.55555555555556,11239.0,0.0,11239.0,11239.0,18.0,0.0,18.0,18.0,3.137882967049263,0.0,3.137882967049263,3.137882967049263,0.0,0.0,0.0,0.0,0.0,0.0,0.0,0.0,0.0,0.0,0.0,0.0,0.0,0.0,0.0,0.0,0.42256033236475865,0.06502462393411812,0.35896755059526414,0.511882988179304,1071.6040222163504,1398.6264783540141,77.46377484541678,3049.551559919389,8537.078269402455,3584.5770694655275,6002.349711375363,13606.435776086,0.606328630666817,0.0810574594219048,0.4938176028840389,0.6815951693161674,17.79218711652981,0.0,17.79218711652981,17.79218711652981,16.883230111048395,0.25710298431151485,16.54165643785604,17.16194510036314,0.9089570054814153,0.25710298431151485,0.6302420161666689,1.250530678673769,0.0,0.0,0.0,0.0,6.62184301829404,3.5010057008598516,1.8711180124223605,10.204897665411881,58.16683082531341,6.074634457542432,49.577167019027485,62.58426966292134,7.591368294667608,2.8536920310140736,4.582843713278495,11.42520612485277,86.10026236610587,12.059489060947184,70.29598308668076,99.55357142857143,90.0677303204784,9.672803343367402,76.95560253699789,100.0
employment,qwen3-coder-30b-a3b-instruct,qwen3-coder-30b-a3b-instruct-run1,3,1032.3333333333333,24.850665092821068,1010.0,1067.0,18.0,0.0,18.0,18.0,0.0826113707658078,0.07275187317058197,0.0,0.17702801207955846,4.0,2.8284271247461903,0.0,6.0,0.38351985592737564,0.2713957198915111,0.0,0.5882352941176471,5.0,2.160246899469287,2.0,7.0,0.48220619514953317,0.20722346200290287,0.19801980198019803,0.6862745098039216,96.2962962962963,2.618914004394621,94.44444444444444,100.0,11239.0,0.0,11239.0,11239.0,18.0,0.0,18.0,18.0,3.137882967049263,0.0,3.137882967049263,3.137882967049263,0.0,0.0,0.0,0.0,0.0,0.0,0.0,0.0,0.0,0.0,0.0,0.0,0.0,0.0,0.0,0.0,0.4600325675842806,0.06235825982771587,0.3724506559605456,0.5127613878144857,82.75048906023473,3.27774027093608,78.11506864889914,85.07368863783529,6004.806395917621,1.1205504508473698,6003.660801968539,6006.3274338147185,0.5608481325666629,0.12951911539411182,0.4320478458398557,0.7380342080449764,17.79218711652981,0.0,17.79218711652981,17.79218711652981,14.833378237501421,1.5868347749995648,12.5996699669967,16.137254901960784,2.9588088790283886,1.5868347749995648,1.6549322145690262,5.19251714953311,0.0,0.0,0.0,0.0,2.94595352424863,0.34442072273215,2.5692137325544957,3.4016973125884014,58.30439362234423,23.472429104935358,37.40601503759399,91.0891089108911,0.03274394237066142,0.04630692738615243,0.0,0.09823182711198428,51.13766470643426,40.618774498727085,0.3514526710402999,99.77722772277228,54.1104495531421,41.00161203267222,0.4686035613870665,100.0
employment,qwen3-coder-30b-a3b-instruct,qwen3-coder-30b-a3b-instruct-run2,3,1040.3333333333333,15.797327481430381,1018.0,1052.0,18.0,0.0,18.0,18.0,0.014095922754343307,0.01993464513335582,0.0,0.04228776826302992,3.3333333333333335,2.8674417556808756,0.0,7.0,0.3170678176014394,0.27284039678552524,0.0,0.6660323501427212,4.666666666666667,1.699673171197595,3.0,7.0,0.4480435870840851,0.1602959254758579,0.28517110266159695,0.6660323501427212,68.51851851851852,32.81489841975806,22.22222222222222,94.44444444444444,11239.0,0.0,11239.0,11239.0,18.0,0.0,18.0,18.0,3.137882967049263,0.0,3.137882967049263,3.137882967049263,0.0,0.0,0.0,0.0,0.0,0.0,0.0,0.0,0.0,0.0,0.0,0.0,0.0,0.0,0.0,0.0,0.4574236246197931,0.06035876548417328,0.3744796810573949,0.5163597747640992,84.14613999563896,1.4782779551998235,82.35835261078144,85.9785542095018,6055.459712215105,69.39022612998622,6005.519927332411,6153.587096671684,0.5587478517560198,0.12401927450502903,0.46209404674055454,0.7338213603530476,17.79218711652981,0.0,17.79218711652981,17.79218711652981,14.502226227854232,1.7422522532804123,12.038310412573674,15.736058301647654,3.2899608886755782,1.7422522532804123,2.0561288148821557,5.753876703956136,0.0,0.0,0.0,0.0,2.0695280782299466,0.8263302888632104,1.0941960038058993,3.1146688932471176,56.403268299583296,23.439093722299045,36.38095238095238,89.29273084479371,0.06349212108128897,0.044895770451053,0.0,0.09532888465204957,46.42160674237237,40.907788203503785,0.38022813688212925,99.77897838899804,48.5884648454788,40.662846667534424,0.5703422053231939,100.0
employment,qwen3-coder-30b-a3b-instruct,qwen3-coder-30b-a3b-instruct-run3,3,1025.6666666666667,4.988876515698588,1019.0,1031.0,18.0,0.0,18.0,18.0,0.10624689933214286,0.08613506678623054,0.0,0.21097046413502107,4.333333333333333,3.0912061651652345,0.0,7.0,0.422969083691783,0.30213991508694227,0.0,0.6869479882237487,5.0,2.160246899469287,2.0,7.0,0.4878830726564049,0.21166709558420627,0.19474196689386564,0.6869479882237487,92.5925925925926,2.618914004394621,88.88888888888889,94.44444444444444,11239.0,0.0,11239.0,11239.0,18.0,0.0,18.0,18.0,3.137882967049263,0.0,3.137882967049263,3.137882967049263,0.0,0.0,0.0,0.0,0.0,0.0,0.0,0.0,0.0,0.0,0.0,0.0,0.0,0.0,0.0,0.0,0.48589126985091413,0.06588707255102437,0.39273194488702284,0.5341032996995982,83.16661116619255,2.38458949452819,79.89814844940886,85.52005333364357,6004.455605884185,1.398614016262516,6002.571667308114,6005.919363760561,0.5549497112260386,0.1545138660551154,0.384128812058077,0.7583727343373095,17.79218711652981,0.0,17.79218711652981,17.79218711652981,14.909905857091951,1.4960396774113962,12.814995131450829,16.21370837374717,2.8822812594378586,1.4960396774113962,1.5784787427826394,4.977191985078981,0.0,0.0,0.0,0.0,2.19092451540444,2.096480552730868,0.05569516507268833,5.0399551380905665,56.68549087477093,26.87830580901322,28.98832684824903,93.07992202729045,0.03245699448231094,0.04590112179075285,0.0,0.09737098344693282,51.38025897022439,39.68661239019438,2.6430649854510184,99.8539435248296,53.35978198896047,38.132312654455355,6.595538312318137,100.0
hatecrime,kimi-k2-instruct-0905,kimi-k2-instruct-0905-run1,3,1015.3333333333334,18.926759422104517,1000.0,1042.0,20.0,0.0,20.0,20.0,3.02054953570236,3.013330689894523,0.46065259117082535,7.250996015936255,3.6666666666666665,1.699673171197595,2.0,6.0,0.3582068399466752,0.15907193525678734,0.2,0.5758157389635317,25.666666666666668,1.8856180831641267,23.0,27.0,2.527335826240782,0.1730314834263863,2.2908366533864544,2.7,100.0,0.0,100.0,100.0,265834.0,0.0,265834.0,265834.0,20.0,0.0,20.0,20.0,13.516141652309335,0.0,13.516141652309335,13.516141652309335,4084.0,0.0,4084.0,4084.0,1.5362970876562063,2.220446049250313e-16,1.5362970876562065,1.5362970876562065,16901.0,0.0,16901.0,16901.0,6.357727002565511,0.0,6.357727002565511,6.357727002565511,0.3324761204372184,0.018044344462554825,0.3100750420546757,0.3542616166949772,1.3424551266855937,0.15867191028082772,1.182805913494453,1.5588420238808676,0.63471032411658,0.03846532318369677,0.6015307231005868,0.6886325125572281,0.44057352411828377,0.11775865678456332,0.30073362271560294,0.5888149492268597,10.0,0.0,10.0,10.0,10.0,0.0,10.0,10.0,0.0,0.0,0.0,0.0,0.0,0.0,0.0,0.0,1.2051619166372853,0.3863681084108222,0.6613957324745469,1.5235124760076775,27.914382807967225,18.298325372337924,5.2969938428105765,50.11267574260182,0.0,0.0,0.0,0.0,1.6428209108543435,2.2894531555775917,0.0,4.8804780876494025,3.285641821708687,4.578906311155183,0.0,9.760956175298805
hatecrime,kimi-k2-instruct-0905,kimi-k2-instruct-0905-run2,3,1010.3333333333334,11.671427600007732,998.0,1026.0,20.0,0.0,20.0,20.0,3.407277978665043,4.177051863472759,0.0,9.289970208540218,4.666666666666667,2.0548046676563256,2.0,7.0,0.460954765956693,0.2028332106148696,0.2004008016032064,0.6951340615690168,27.666666666666668,2.494438257849294,25.0,31.0,2.7383466038332873,0.24597844624059054,2.50501002004008,3.0784508440913605,86.66666666666667,18.856180831641264,60.0,100.0,265834.0,0.0,265834.0,265834.0,20.0,0.0,20.0,20.0,13.516141652309335,0.0,13.516141652309335,13.516141652309335,4084.0,0.0,4084.0,4084.0,1.5362970876562063,2.220446049250313e-16,1.5362970876562065,1.5362970876562065,16901.0,0.0,16901.0,16901.0,6.357727002565511,0.0,6.357727002565511,6.357727002565511,0.35797242055322337,0.019889408292889516,0.3413554908982728,0.38593517447986764,1.391326437818637,0.15104252225387496,1.2404717635408389,1.5977229153289345,0.6422206392485722,0.031003680239234447,0.6200244154192518,0.6860653237831887,0.4421551796845516,0.12121017253692104,0.2902970141209212,0.586947765524097,10.0,0.0,10.0,10.0,10.003006012024047,0.004251142973065132,10.0,10.009018036072144,0.003006012024047896,0.004251142973065132,0.0,0.009018036072143687,0.0,0.0,0.0,0.0,0.9996650885315835,0.3914178214750489,0.5279308238024801,1.4863547758284599,28.938368211800498,18.6395284560413,5.100659023201228,50.60251639199007,0.10050251256281406,0.14213201631890401,0.0,0.3015075376884422,0.33040322679515005,0.40032432293912446,0.0,0.893743793445879,0.6608064535903001,0.8006486458782489,0.0,1.787487586891758
hatecrime,kimi-k2-instruct-0905,kimi-k2-instruct-0905-run3,3,1032.6666666666667,14.974051630144135,1012.0,1047.0,20.0,0.0,20.0,20.0,3.3558392763502134,3.889449870063051,0.18768046198267566,8.83399209486166,3.3333333333333335,1.699673171197595,1.0,5.0,0.3239999515203042,0.16533467679928898,0.09551098376313276,0.4812319538017324,26.666666666666668,4.9216076867444665,21.0,33.0,2.5836771715305105,0.4779239985082022,2.005730659025788,3.1761308950914344,85.0,17.795130420052185,60.0,100.0,265834.0,0.0,265834.0,265834.0,20.0,0.0,20.0,20.0,13.516141652309335,0.0,13.516141652309335,13.516141652309335,4084.0,0.0,4084.0,4084.0,1.5362970876562063,2.220446049250313e-16,1.5362970876562065,1.5362970876562065,16901.0,0.0,16901.0,16901.0,6.357727002565511,0.0,6.357727002565511,6.357727002565511,0.35267457342482866,0.02604080492694127,0.32298217087652026,0.3863875763634521,1.3592686008372148,0.1784967970101411,1.1892605116002906,1.605872759966239,0.6404605191948144,0.03898230327597012,0.602850528525724,0.6941731985609989,0.44612240180209395,0.11943088375588941,0.3010010330116467,0.5935192087075025,10.0,0.0,10.0,10.0,10.001910219675262,0.0027014585718685806,10.0,10.005730659025788,0.0019102196752627993,0.0027014585718685806,0.0,0.005730659025788398,0.0,0.0,0.0,0.0,1.0993912171064784,0.07249347854192965,1.0475650930465792,1.2019103904811488,28.86929177082285,18.98403714789878,4.958677685950414,51.39826422372227,0.06379585326953748,0.09022096091694387,0.0,0.19138755980861244,0.642292490118577,0.9083387505360788,0.0,1.9268774703557312,1.284584980237154,1.8166775010721576,0.0,3.8537549407114624
hatecrime,llama-3.1-8b-instruct,llama-3.1-8b-instruct-run1,3,613.3333333333334,161.87306412398848,441.0,830.0,20.0,0.0,20.0,20.0,2.6929090055570364,0.5154938053504015,2.144578313253012,3.3831282952548327,4.333333333333333,4.784233364802441,0.0,11.0,0.911764973727108,1.1233587944621715,0.0,2.494331065759637,4.333333333333333,4.784233364802441,0.0,11.0,0.911764973727108,1.1233587944621715,0.0,2.494331065759637,65.0,7.0710678118654755,60.0,75.0,265834.0,0.0,265834.0,265834.0,20.0,0.0,20.0,20.0,13.516141652309335,0.0,13.516141652309335,13.516141652309335,4084.0,0.0,4084.0,4084.0,1.5362970876562063,2.220446049250313e-16,1.5362970876562065,1.5362970876562065,16901.0,0.0,16901.0,16901.0,6.357727002565511,0.0,6.357727002565511,6.357727002565511,0.2320891196195598,0.07177165889774777,0.17767743407654443,0.33349929439855874,1.331846118029708,0.7822092053345512,0.6928411352199648,2.433353299524994,1.5282941427653807,0.844748357286791,0.8322814263007694,2.7171776647961585,0.5489569148913368,0.10256760906032195,0.44148025674452196,0.6870560619297277,10.0,0.0,10.0,10.0,10.148510320351173,0.2051117828073707,10.0,10.43855421686747,0.14851032035117187,0.20511178280737072,0.0,0.43855421686746965,0.0,0.0,0.0,0.0,3.6154209907522947,2.8985997395470804,0.0,7.096262972256885,41.876456684122395,19.004531130487823,20.90909090909091,66.92157784457498,0.4431081166769351,0.4715254054720188,0.0,1.0962241169305724,1.444781873289779,0.9096971766074751,0.45351473922902497,2.6506024096385543,2.017399728152354,1.2118950328130287,0.6802721088435374,3.614457831325301
hatecrime,llama-3.1-8b-instruct,llama-3.1-8b-instruct-run2,3,573.0,237.67765285501005,237.0,749.0,20.0,0.0,20.0,20.0,4.433460089224755,1.496707429389213,3.0774365821094793,6.518987341772152,0.0,0.0,0.0,0.0,0.0,0.0,0.0,0.0,0.3333333333333333,0.4714045207910317,0.0,1.0,0.04450378282153983,0.0629378532431284,0.0,0.13351134846461948,60.0,0.0,60.0,60.0,265834.0,0.0,265834.0,265834.0,20.0,0.0,20.0,20.0,13.516141652309335,0.0,13.516141652309335,13.516141652309335,4084.0,0.0,4084.0,4084.0,1.5362970876562063,2.220446049250313e-16,1.5362970876562065,1.5362970876562065,16901.0,0.0,16901.0,16901.0,6.357727002565511,0.0,6.357727002565511,6.357727002565511,0.22143091530895917,0.011561599805073954,0.20752236821141604,0.23582965816760082,0.8238655260493188,0.2637671959119304,0.6270067447009895,1.1966936514388644,0.8359102092068325,0.20543622231437111,0.6109830922651448,1.1076279864802714,0.5388638763293075,0.10264758425312642,0.4306291939584922,0.6767590784242095,10.0,0.0,10.0,10.0,9.903173067624065,0.1593306898981753,9.678237650200266,10.027149321266968,0.11768130082388713,0.14461270695606335,0.004132231404959441,0.3217623497997337,0.0,0.0,0.0,0.0,1.3200764613120353,0.34759603930633387,0.9729129689673977,1.795059338868232,39.63380844857884,14.831232626166104,23.03578774167009,59.03810913038358,5.486497845560478,7.022924379642808,0.13793103448275862,15.408320493066254,6.196757561482083,1.222975113112741,4.843110504774898,7.805907172995781,8.548916888247323,1.888446644109913,6.548431105047749,11.081441922563418
hatecrime,llama-3.1-8b-instruct,llama-3.1-8b-instruct-run3,3,487.3333333333333,204.94281045100254,334.0,777.0,20.0,0.0,20.0,20.0,4.482227890411523,1.075370770322876,2.9729729729729732,5.398860398860399,4.0,5.656854249492381,0.0,12.0,1.1396011396011396,1.6116393873197667,0.0,3.418803418803419,4.333333333333333,5.436502143433364,0.0,12.0,1.1825011825011826,1.5821771286952768,0.0,3.418803418803419,81.66666666666667,15.456030825826172,60.0,95.0,265834.0,0.0,265834.0,265834.0,20.0,0.0,20.0,20.0,13.516141652309335,0.0,13.516141652309335,13.516141652309335,4084.0,0.0,4084.0,4084.0,1.5362970876562063,2.220446049250313e-16,1.5362970876562065,1.5362970876562065,16901.0,0.0,16901.0,16901.0,6.357727002565511,0.0,6.357727002565511,6.357727002565511,0.22482413452938052,0.028548540443178175,0.20178748117554626,0.2650567989810945,0.9628623380461102,0.39162484264257597,0.5966106188878814,1.5057795048054634,0.8168256402035823,0.19883296012785484,0.5541688973729275,1.0351045471779339,0.5390646091551812,0.12037312569439026,0.4181344338348796,0.7032912195822375,10.0,0.0,10.0,10.0,10.430243007166084,0.6021903019551016,10.0,11.281853281853282,0.43024300716608427,0.6021903019551015,0.0,1.281853281853282,0.0,0.0,0.0,0.0,0.9230562644044934,0.6161144348161314,0.1567398119122257,1.6653312072804034,40.07714602759483,20.215992687762576,18.549713136570656,67.13370646577262,8.78048780487805,12.417484937910103,0.0,26.34146341463415,0.8691348012705298,0.7291989282301959,0.14245014245014245,1.8661518661518661,1.6384692033394626,1.5015863862122305,0.2849002849002849,3.7323037323037322
hatecrime,qwen3-coder-30b-a3b-instruct,qwen3-coder-30b-a3b-instruct-run1,3,1017.6666666666666,10.208928554075703,1009.0,1032.0,20.0,0.0,20.0,20.0,0.6215025262267925,0.5953222944359146,0.09387351778656126,1.4534883720930232,0.0,0.0,0.0,0.0,0.0,0.0,0.0,0.0,3.0,2.160246899469287,1.0,6.0,0.29600021860025605,0.21396553045351788,0.09689922480620156,0.592885375494071,95.0,7.0710678118654755,85.0,100.0,265834.0,0.0,265834.0,265834.0,20.0,0.0,20.0,20.0,13.516141652309335,0.0,13.516141652309335,13.516141652309335,4084.0,0.0,4084.0,4084.0,1.5362970876562063,2.220446049250313e-16,1.5362970876562065,1.5362970876562065,16901.0,0.0,16901.0,16901.0,6.357727002565511,0.0,6.357727002565511,6.357727002565511,0.3360986665382553,0.06723935957735097,0.281329190459934,0.43080298257771316,1.0264205110713878,0.2757148810839671,0.7607392888779283,1.4064213123425495,2.66043360707311,1.6003203232386392,0.6019212502705606,4.504203666954832,0.5641784035341526,0.11948971371315503,0.40898965629918854,0.6996867398343025,10.0,0.0,10.0,10.0,10.0,0.0,10.0,10.0,0.0,0.0,0.0,0.0,0.0,0.0,0.0,0.0,1.8986463510015799,0.245865057833494,1.5770411971270903,2.173913043478261,46.73289914626232,19.671025210483798,20.880633144479507,68.55673444477146,0.0,0.0,0.0,0.0,1.5041467874401704,1.9207840571027326,0.0,4.215116279069767,3.0082935748803408,3.841568114205465,0.0,8.430232558139535
hatecrime,qwen3-coder-30b-a3b-instruct,qwen3-coder-30b-a3b-instruct-run2,3,1012.3333333333334,18.571184369578823,987.0,1031.0,20.0,0.0,20.0,20.0,0.5166629870112818,0.12218108686509811,0.3951367781155016,0.6838021338506304,0.3333333333333333,0.4714045207910317,0.0,1.0,0.033772374197906116,0.047761349624218005,0.0,0.10131712259371835,3.6666666666666665,3.091206165165235,1.0,8.0,0.3679336816677425,0.31558123400444504,0.09699321047526674,0.8105369807497468,85.0,0.0,85.0,85.0,265834.0,0.0,265834.0,265834.0,20.0,0.0,20.0,20.0,13.516141652309335,0.0,13.516141652309335,13.516141652309335,4084.0,0.0,4084.0,4084.0,1.5362970876562063,2.220446049250313e-16,1.5362970876562065,1.5362970876562065,16901.0,0.0,16901.0,16901.0,6.357727002565511,0.0,6.357727002565511,6.357727002565511,0.35102337513558496,0.05833132395132446,0.2960330273612962,0.43177135429736835,1.1033658724066504,0.1916574441910313,0.9382004308731775,1.3720645424175264,2.136363840251288,1.0584270245645233,0.6395288831077715,2.888716137451597,0.5624262747972283,0.09996261904333845,0.4442939265215745,0.6887408617577021,10.0,0.0,10.0,10.0,9.991399478798472,0.006820658274050121,9.983316977428851,10.0,0.008600521201527656,0.006820658274050121,0.0,0.016683022571148953,0.0,0.0,0.0,0.0,2.126697319933945,0.7683795069397963,1.0890299145530906,2.9248970314464744,46.70413363242332,17.07864218129569,25.839041652411673,67.67261719980397,0.09935890404037383,0.08029804183448153,0.0,0.19665683382497542,2.3831869551270763,2.240504190882583,0.0,5.383123181377304,4.766373910254153,4.481008381765166,0.0,10.766246362754607
hatecrime,qwen3-coder-30b-a3b-instruct,qwen3-coder-30b-a3b-instruct-run3,3,1007.0,13.490737563232042,988.0,1018.0,20.0,0.0,20.0,20.0,0.6772481203529949,0.4771972273299162,0.025303643724696356,1.1542239685658153,0.0,0.0,0.0,0.0,0.0,0.0,0.0,0.0,2.6666666666666665,1.699673171197595,1.0,5.0,0.2671163455270936,0.17371652191519904,0.09823182711198428,0.5060728744939271,93.33333333333333,9.428090415820634,80.0,100.0,265834.0,0.0,265834.0,265834.0,20.0,0.0,20.0,20.0,13.516141652309335,0.0,13.516141652309335,13.516141652309335,4084.0,0.0,4084.0,4084.0,1.5362970876562063,2.220446049250313e-16,1.5362970876562065,1.5362970876562065,16901.0,0.0,16901.0,16901.0,6.357727002565511,0.0,6.357727002565511,6.357727002565511,0.36408205119925974,0.07670039872432274,0.2874754221093222,0.46889096724750556,0.9153588555041909,0.3783393006086777,0.593991861070584,1.4465195864940397,4.2655976600468275,2.8724780219916135,0.6351803483123557,7.659333346798004,0.5578864370486502,0.1019349369067001,0.43620742451182254,0.6856718952059295,10.0,0.0,10.0,10.0,9.99112426035503,0.012552191382009416,9.97337278106509,10.0,0.008875739644970201,0.012552191382009416,0.0,0.0266272189349106,0.0,0.0,0.0,0.0,1.7438752643789817,0.20813141878742517,1.4556432439842422,1.939660975989024,46.63579787420898,15.958568984912455,27.003935419708146,66.09311740890688,0.09891196834817013,0.1398826471190005,0.0,0.2967359050445104,1.6702314012794333,2.156445377327766,0.0,4.715127701375246,3.274781357567077,4.355549870425156,0.0,9.430255402750491
lending,kimi-k2-instruct-0905,kimi-k2-instruct-0905-run1,3,961.6666666666666,91.04699641149925,834.0,1040.0,58.0,0.0,58.0,58.0,7.01124529620139,2.7586229316020594,4.856918721648078,10.905172413793103,0.0,0.0,0.0,0.0,0.0,0.0,0.0,0.0,1.0,0.816496580927726,0.0,2.0,0.1119873332103548,0.09853937318931531,0.0,0.2398081534772182,53.44827586206896,12.902266850944626,39.6551724137931,70.6896551724138,12229298.0,0.0,12229298.0,12229298.0,58.0,0.0,58.0,58.0,16.23392051809825,0.0,16.23392051809825,16.23392051809825,32748.0,0.0,32748.0,32748.0,0.26778315484666415,0.0,0.26778315484666415,0.26778315484666415,5006136.0,0.0,5006136.0,5006136.0,40.935595812613286,0.0,40.935595812613286,40.935595812613286,0.5786925003196073,0.18779129406925274,0.3693571308932501,0.8248959844711427,174901404.53697178,213962120.04845467,34061.78231900978,476194241.14199907,154634506.1214525,182397039.86187214,309963.3328329234,410796698.8715347,0.6353213987207277,0.20668346569813056,0.3498856890269015,0.8325546111576978,2.0,0.0,2.0,2.0,5.469590359700054,2.602132255169393,2.015587529976019,8.296153846153846,3.4695903597000544,2.602132255169393,0.015587529976019088,6.296153846153846,0.0,0.0,0.0,0.0,3.9818122404121965,0.8132064713600162,2.9667616122362754,4.957537633817178,66.47767647175284,31.42856388102398,22.34095804078175,93.08415270250914,,,,,31.28290725100814,22.151736897980744,0.0,48.367952522255194,31.28290725100814,22.151736897980744,0.0,48.367952522255194
lending,kimi-k2-instruct-0905,kimi-k2-instruct-0905-run2,3,865.6666666666666,133.10229983821552,704.0,1030.0,58.0,0.0,58.0,58.0,7.158581171655001,2.0843870188020857,5.2532327586206895,10.059136132976386,0.0,0.0,0.0,0.0,0.0,0.0,0.0,0.0,0.6666666666666666,0.9428090415820634,0.0,2.0,0.0772499034376207,0.10924786113349516,0.0,0.2317497103128621,51.72413793103448,14.697369945453357,39.6551724137931,72.41379310344827,12229298.0,0.0,12229298.0,12229298.0,58.0,0.0,58.0,58.0,16.23392051809825,0.0,16.23392051809825,16.23392051809825,32748.0,0.0,32748.0,32748.0,0.26778315484666415,0.0,0.26778315484666415,0.26778315484666415,5006136.0,0.0,5006136.0,5006136.0,40.935595812613286,0.0,40.935595812613286,40.935595812613286,0.487571319382394,0.09090669319402665,0.36128550221757166,0.571569912764618,360402791.92100066,181772235.9985554,113263958.87326965,545238157.9578387,168763693.19895083,190994197.2954773,7201289.534120884,437005203.8765917,0.5871513960578973,0.13651933434708738,0.39429382170554217,0.6913750525114974,2.0,0.0,2.0,2.0,3.3389497098355903,1.9939744326309423,1.8482039397450754,6.157281553398058,1.440147083338873,1.9221593955250522,0.011363636363636243,4.157281553398058,0.0,0.0,0.0,0.0,4.181312446068922,2.082860387272376,1.894768126835235,6.932765999819451,55.660029303373456,19.59880822291805,28.63071687053223,74.48807687503708,,,,,12.091607825831128,16.106145673057796,0.0,34.85436893203884,12.091607825831128,16.106145673057796,0.0,34.85436893203884
lending,kimi-k2-instruct-0905,kimi-k2-instruct-0905-run3,3,808.3333333333334,177.43418185031,581.0,1014.0,58.0,0.0,58.0,58.0,7.247856380194752,1.059884091910505,6.341622648228381,8.734939759036145,7.0,9.899494936611665,0.0,21.0,1.2048192771084336,1.703871761895295,0.0,3.614457831325301,9.666666666666666,9.177266598624136,0.0,22.0,1.5433161216293747,1.6231609233757054,0.0,3.7865748709122204,64.36781609195403,11.291311899073852,50.0,77.58620689655173,12229298.0,0.0,12229298.0,12229298.0,58.0,0.0,58.0,58.0,16.23392051809825,0.0,16.23392051809825,16.23392051809825,32748.0,0.0,32748.0,32748.0,0.26778315484666415,0.0,0.26778315484666415,0.26778315484666415,5006136.0,0.0,5006136.0,5006136.0,40.935595812613286,0.0,40.935595812613286,40.935595812613286,0.5025416946643584,0.09002043709903534,0.378449336637205,0.5892117168527452,382853841.16449434,225314456.18413475,65497567.58885367,566303997.7521999,193332169.46283424,160272967.50045043,50929688.28323089,417249768.6476476,0.5740807493725518,0.17874559357714417,0.3212996504096801,0.7015972829615716,2.0,0.0,2.0,2.0,3.2210575768027687,1.8447825299698275,1.8349397590361445,5.828232971372162,1.3310977374453392,1.7670265991538512,0.0,3.828232971372162,0.0,0.0,0.0,0.0,3.486661723412625,0.5611536974227105,2.8065348140561355,4.180858978473805,52.78871633191156,26.696093495220875,15.783731922796525,77.77159884255609,,,,,6.596484557559627,9.074456972845109,0.0,19.42800788954635,6.596484557559627,9.074456972845109,0.0,19.42800788954635
lending,llama-3.1-8b-instruct,llama-3.1-8b-instruct-run1,3,971.6666666666666,8.806563209081938,964.0,984.0,58.0,0.0,58.0,58.0,22.726325868359137,4.7680214069592335,16.568893976248393,28.185286880861533,25.0,24.711670657134185,1.0,59.0,2.5764896825829577,2.5590383769826066,0.1037344398340249,6.10134436401241,93.0,48.83304891839815,37.0,156.0,9.604564192088775,5.07399557363159,3.760162601626017,16.132368148914168,39.6551724137931,0.0,39.6551724137931,39.6551724137931,12229298.0,0.0,12229298.0,12229298.0,58.0,0.0,58.0,58.0,16.23392051809825,0.0,16.23392051809825,16.23392051809825,32748.0,0.0,32748.0,32748.0,0.26778315484666415,0.0,0.26778315484666415,0.26778315484666415,5006136.0,0.0,5006136.0,5006136.0,40.935595812613286,0.0,40.935595812613286,40.935595812613286,0.5435816445578332,0.09633195060884292,0.4261311578211048,0.6620881929984022,598517125.0983676,134597309.53940526,428787556.8220233,758004686.2045275,1043029184.3396311,1116711407.8052804,226682837.7344289,2621992917.1668344,0.6242279594196943,0.08697602501463199,0.5472396258690618,0.7457994441815782,2.0,0.0,2.0,2.0,2.192264773415733,0.18160129441647715,2.0269005847953214,2.4451219512195124,0.192264773415733,0.18160129441647715,0.026900584795321425,0.44512195121951237,0.0,0.0,0.0,0.0,9.894987748683027,0.7890441742201306,8.801673628577037,10.634994852410028,51.6846111238771,17.699399397495277,38.822038175310794,76.71210074302807,,,,,55.7483660582185,23.150238318577795,24.896265560165975,80.66184074457084,55.7483660582185,23.150238318577795,24.896265560165975,80.66184074457084
lending,llama-3.1-8b-instruct,llama-3.1-8b-instruct-run2,3,1019.3333333333334,10.402991022884823,1011.0,1034.0,58.0,0.0,58.0,58.0,22.67790160321175,3.3823089273380202,18.054844981070296,26.052694284644453,2.6666666666666665,2.494438257849294,0.0,6.0,0.2593649099110303,0.2408582111963153,0.0,0.5802707930367506,20.666666666666668,11.14550233153366,6.0,33.0,2.0195882441422413,1.076371406379245,0.5923000987166831,3.1914893617021276,39.6551724137931,0.0,39.6551724137931,39.6551724137931,12229298.0,0.0,12229298.0,12229298.0,58.0,0.0,58.0,58.0,16.23392051809825,0.0,16.23392051809825,16.23392051809825,32748.0,0.0,32748.0,32748.0,0.26778315484666415,0.0,0.26778315484666415,0.26778315484666415,5006136.0,0.0,5006136.0,5006136.0,40.935595812613286,0.0,40.935595812613286,40.935595812613286,0.5683083107223323,0.07683168693362344,0.48715206193720473,0.6714556738664131,366535101.5752044,205961172.73520187,78667714.56997684,548930238.5735635,200342123.66259217,100737334.15208656,85260525.54436521,330609706.4332097,0.6085002660754847,0.09846581516745774,0.5276490713095028,0.7471123613264253,2.0,0.0,2.0,2.0,2.391799267940773,0.4551159564317862,2.0069101678183614,3.031,0.39179926794077263,0.4551159564317862,0.006910167818361401,1.0310000000000001,0.0,0.0,0.0,0.0,11.136989738165996,1.4124589217380392,9.710788361755332,13.061297482922487,49.812133679771726,22.675978700801632,26.73672241666703,80.63569063652488,,,,,61.135635397789116,25.1886782743737,26.013847675568748,83.84912959381045,61.135635397789116,25.1886782743737,26.013847675568748,83.84912959381045
lending,llama-3.1-8b-instruct,llama-3.1-8b-instruct-run3,3,1011.0,26.993826454703797,975.0,1040.0,58.0,0.0,58.0,58.0,25.658603579425343,7.515773163807857,18.98209549071618,36.15915119363395,55.666666666666664,60.024069246335586,0.0,139.0,5.668967138515273,6.175188789634003,0.0,14.256410256410257,92.0,46.783187863447985,43.0,155.0,9.20713482108374,4.916176824770826,4.223968565815324,15.897435897435896,40.229885057471265,0.8127664151569517,39.6551724137931,41.37931034482759,12229298.0,0.0,12229298.0,12229298.0,58.0,0.0,58.0,58.0,16.23392051809825,0.0,16.23392051809825,16.23392051809825,32748.0,0.0,32748.0,32748.0,0.26778315484666415,0.0,0.26778315484666415,0.26778315484666415,5006136.0,0.0,5006136.0,5006136.0,40.935595812613286,0.0,40.935595812613286,40.935595812613286,0.5404917046191305,0.12011035243879281,0.4192233905141616,0.7041318913012463,1604739123.3703501,1805530398.1703928,267819950.30199167,4157182619.492843,7199977956.5126295,9387804018.982445,160333857.65421426,20468074451.67275,0.6083552183063196,0.10482492270567877,0.5028976290591524,0.751313826644712,2.0,0.0,2.0,2.0,2.240380849894528,0.18532040351314252,2.0,2.451005025125628,0.24038084989452826,0.18532040351314252,0.0,0.4510050251256281,0.0,0.0,0.0,0.0,8.563200874999898,0.4585106217630071,7.940442239534291,9.031030654122274,49.07341802523623,21.646260334699587,31.208373535566203,79.53431732810714,,,,,54.47937971218914,11.800214246561298,39.03846153846154,67.68172888015717,54.47937971218914,11.800214246561298,39.03846153846154,67.68172888015717
lending,qwen3-coder-30b-a3b-instruct,qwen3-coder-30b-a3b-instruct-run1,3,464.6666666666667,36.44478319625763,425.0,513.0,58.0,0.0,58.0,58.0,12.136611060368223,4.255424033513046,6.338643543725213,16.43224440411373,21.666666666666668,22.095751225568733,0.0,52.0,4.820777433780529,4.819292081396075,0.0,11.403508771929824,29.333333333333332,20.75786330258702,7.0,57.0,6.503860413561136,4.586232802131988,1.364522417153996,12.5,48.27586206896552,12.02784456118181,32.758620689655174,62.06896551724138,12229298.0,0.0,12229298.0,12229298.0,58.0,0.0,58.0,58.0,16.23392051809825,0.0,16.23392051809825,16.23392051809825,32748.0,0.0,32748.0,32748.0,0.26778315484666415,0.0,0.26778315484666415,0.26778315484666415,5006136.0,0.0,5006136.0,5006136.0,40.935595812613286,0.0,40.935595812613286,40.935595812613286,0.4725054166717843,0.13587833981514105,0.3105327024624434,0.6430351416778398,407433841.51691276,224798251.3984053,97279266.96154253,622963470.8456209,268670160.43551725,95346545.21732537,147777680.23279575,380838752.5729673,0.5700430110926477,0.10643932443037638,0.4794939115371461,0.7194551626531276,2.0,0.0,2.0,2.0,2.6505914434026514,0.9085246056219239,2.002202643171806,3.935420743639922,0.6505914434026514,0.9085246056219239,0.0022026431718060735,1.9354207436399218,0.0,0.0,0.0,0.0,7.599352806029699,0.9437748618939776,6.311828648407034,8.547709110932121,51.00550838707395,16.620605192779063,38.43350624903849,74.49108349565078,,,,,41.311107288919466,21.680516375546702,23.00194931773879,71.76470588235294,41.311107288919466,21.680516375546702,23.00194931773879,71.76470588235294
lending,qwen3-coder-30b-a3b-instruct,qwen3-coder-30b-a3b-instruct-run2,3,598.0,101.3541645255224,461.0,703.0,58.0,0.0,58.0,58.0,10.971771312051851,4.361501167635143,5.245990091725119,15.821018062397375,25.666666666666668,12.918548250050733,12.0,43.0,4.07058110905582,1.4916140922803969,2.6030368763557483,6.116642958748222,55.0,33.50621832834417,13.0,95.0,8.46036305906154,4.385331000573301,2.8199566160520604,13.513513513513514,50.57471264367816,11.721883939293757,34.48275862068966,62.06896551724138,12229298.0,0.0,12229298.0,12229298.0,58.0,0.0,58.0,58.0,16.23392051809825,0.0,16.23392051809825,16.23392051809825,32748.0,0.0,32748.0,32748.0,0.26778315484666415,0.0,0.26778315484666415,0.26778315484666415,5006136.0,0.0,5006136.0,5006136.0,40.935595812613286,0.0,40.935595812613286,40.935595812613286,0.48479587790259454,0.1311007239193041,0.3112800063295544,0.6281248438409032,397992318.11828214,231748531.82010978,75323418.30387972,609072710.780516,285060920.3894324,50325368.36369631,239850033.58205402,355268315.822218,0.5619142198481967,0.1050625027393614,0.45690008191899184,0.7054499510518265,2.0,0.0,2.0,2.0,2.00311022423689,0.04252890002438163,1.9502133712660028,2.0543478260869565,0.03630131005955476,0.02237399651487534,0.004769475357710551,0.05434782608695654,0.0,0.0,0.0,0.0,7.162962017846148,1.0241928921975292,5.854461701587804,8.355103254545853,50.09674918038531,16.420658457795977,34.335062832443256,72.74695147664741,,,,,42.22808785658426,36.384175139067736,3.4139402560455197,90.88937093275487,42.22808785658426,36.384175139067736,3.4139402560455197,90.88937093275487
lending,qwen3-coder-30b-a3b-instruct,qwen3-coder-30b-a3b-instruct-run3,3,632.6666666666666,105.76809012593964,505.0,764.0,58.0,0.0,58.0,58.0,11.68591579819193,4.382876790345121,6.255641812601552,16.989200153500356,53.0,29.81051268708183,17.0,90.0,8.160348476436136,4.568548337987527,3.3663366336633667,14.308426073131955,68.33333333333333,21.23414441151065,42.0,94.0,10.764200472186824,2.9701776342610877,8.316831683168317,14.94435612082671,55.17241379310345,13.864756415879105,36.206896551724135,68.96551724137932,12229298.0,0.0,12229298.0,12229298.0,58.0,0.0,58.0,58.0,16.23392051809825,0.0,16.23392051809825,16.23392051809825,32748.0,0.0,32748.0,32748.0,0.26778315484666415,0.0,0.26778315484666415,0.26778315484666415,5006136.0,0.0,5006136.0,5006136.0,40.935595812613286,0.0,40.935595812613286,40.935595812613286,0.5268780081374831,0.21283210252321347,0.2744947880278795,0.7951023202436365,308263209.7614937,224612450.92297646,48047612.01496738,596143033.0291445,1830314514.5798025,2302677051.1382537,60645867.94649975,5082570866.939953,0.5775658195663924,0.16890437994229365,0.39616247718402464,0.8028507544827331,2.0,0.0,2.0,2.0,2.7049131843147074,0.96682111698176,2.0139442231075697,4.072178477690288,0.7049131843147073,0.96682111698176,0.013944223107569709,2.0721784776902883,0.0,0.0,0.0,0.0,6.456934906831761,1.1580539254846085,4.833835804499195,7.457680968274739,55.56999603365366,29.44076587647071,26.275927946709384,95.8398953399696,,,,,44.3438663196429,36.5065068805891,6.020942408376963,93.46534653465348,44.3438663196429,36.5065068805891,6.020942408376963,93.46534653465348
