model,shot,runs_count,generated_row_count_mean,generated_row_count_std,generated_row_count_min,generated_row_count_max,generated_column_count_mean,generated_column_count_std,generated_column_count_min,generated_column_count_max,generated_overall_missing_pct_mean,generated_overall_missing_pct_std,generated_overall_missing_pct_min,generated_overall_missing_pct_max,generated_duplicate_rows_mean,generated_duplicate_rows_std,generated_duplicate_rows_min,generated_duplicate_rows_max,generated_duplicate_rows_pct_mean,generated_duplicate_rows_pct_std,generated_duplicate_rows_pct_min,generated_duplicate_rows_pct_max,generated_duplicate_rows_primary_key_mean,generated_duplicate_rows_primary_key_std,generated_duplicate_rows_primary_key_min,generated_duplicate_rows_primary_key_max,generated_duplicate_rows_primary_key_pct_mean,generated_duplicate_rows_primary_key_pct_std,generated_duplicate_rows_primary_key_pct_min,generated_duplicate_rows_primary_key_pct_max,generated_type_correctness_pct_mean,generated_type_correctness_pct_std,generated_type_correctness_pct_min,generated_type_correctness_pct_max,real_row_count_mean,real_row_count_std,real_row_count_min,real_row_count_max,real_column_count_mean,real_column_count_std,real_column_count_min,real_column_count_max,real_overall_missing_pct_mean,real_overall_missing_pct_std,real_overall_missing_pct_min,real_overall_missing_pct_max,real_duplicate_rows_mean,real_duplicate_rows_std,real_duplicate_rows_min,real_duplicate_rows_max,real_duplicate_rows_pct_mean,real_duplicate_rows_pct_std,real_duplicate_rows_pct_min,real_duplicate_rows_pct_max,real_duplicate_rows_primary_key_mean,real_duplicate_rows_primary_key_std,real_duplicate_rows_primary_key_min,real_duplicate_rows_primary_key_max,real_duplicate_rows_primary_key_pct_mean,real_duplicate_rows_primary_key_pct_std,real_duplicate_rows_primary_key_pct_min,real_duplicate_rows_primary_key_pct_max,numeric_avg_ks_real_vs_generated_mean,numeric_avg_ks_real_vs_generated_std,numeric_avg_ks_real_vs_generated_min,numeric_avg_ks_real_vs_generated_max,numeric_avg_mean_diff_real_vs_generated_mean,numeric_avg_mean_diff_real_vs_generated_std,numeric_avg_mean_diff_real_vs_generated_min,numeric_avg_mean_diff_real_vs_generated_max,numeric_avg_std_diff_real_vs_generated_mean,numeric_avg_std_diff_real_vs_generated_std,numeric_avg_std_diff_real_vs_generated_min,numeric_avg_std_diff_real_vs_generated_max,categorical_avg_js_divergence_real_vs_generated_mean,categorical_avg_js_divergence_real_vs_generated_std,categorical_avg_js_divergence_real_vs_generated_min,categorical_avg_js_divergence_real_vs_generated_max,text_avg_length_real_mean_mean,text_avg_length_real_mean_std,text_avg_length_real_mean_min,text_avg_length_real_mean_max,text_avg_length_generated_mean_mean,text_avg_length_generated_mean_std,text_avg_length_generated_mean_min,text_avg_length_generated_mean_max,text_avg_length_abs_diff_mean_mean,text_avg_length_abs_diff_mean_std,text_avg_length_abs_diff_mean_min,text_avg_length_abs_diff_mean_max,text_empty_pct_generated_mean_mean,text_empty_pct_generated_mean_std,text_empty_pct_generated_mean_min,text_empty_pct_generated_mean_max,numeric_outlier_pct_mean_mean,numeric_outlier_pct_mean_std,numeric_outlier_pct_mean_min,numeric_outlier_pct_mean_max,categorical_unexpected_value_pct_mean_mean,categorical_unexpected_value_pct_mean_std,categorical_unexpected_value_pct_mean_min,categorical_unexpected_value_pct_mean_max,date_invalid_values_pct_mean_mean,date_invalid_values_pct_mean_std,date_invalid_values_pct_mean_min,date_invalid_values_pct_mean_max,row_constraints_mean_violations_pct_mean,row_constraints_mean_violations_pct_std,row_constraints_mean_violations_pct_min,row_constraints_mean_violations_pct_max,row_constraints_max_violations_pct_mean,row_constraints_max_violations_pct_std,row_constraints_max_violations_pct_min,row_constraints_max_violations_pct_max
kimi-k2-instruct-0905,few,9,913.3333333333334,158.55177913434673,581.0,1044.0,32.0,18.40289832245635,18.0,58.0,4.71342040396491,3.5370140825518384,0.0,9.289970208540218,3.888888888888889,6.48835614251397,0.0,21.0,0.5559615100852066,1.1061037875365392,0.0,3.614457831325301,12.444444444444445,11.94534880297312,0.0,31.0,1.4157078289289284,1.41056392058935,0.0,3.7865748709122204,82.86504895700298,24.189925402972975,39.6551724137931,100.0,4168790.3333333335,5700587.252602451,11239.0,12229298.0,32.0,18.40289832245635,18.0,58.0,10.962648379152284,5.643095829221465,3.137882967049263,16.23392051809825,12277.333333333334,14570.65336749027,0.0,32748.0,0.6013600808342902,0.6700782837593188,0.0,1.5362970876562065,1674345.6666666667,2355941.641880564,0.0,5006136.0,15.764440938392934,17.98694807235287,0.0,40.935595812613286,0.38214378814802313,0.0174623503036466,0.3542616166949772,0.4115865748907188,25248630.976318095,39059967.231327504,1.182805913494453,113263958.87326965,18425460.419211242,26205086.007843226,0.6139677366919251,62084586.186139956,0.40431455520726556,0.11667643073545664,0.2902970141209212,0.6143168799594978,9.93072903884327,6.447319460076268,2.0,17.79218711652981,9.209708493363532,5.586853590598649,2.0,15.994017946161515,0.7270096935552169,1.0331794059810562,0.0,2.376797589071316,0.0,0.0,0.0,0.0,2.301704241131505,2.2681889309978325,0.5279308238024801,6.932765999819451,28.764770308020516,23.198110155891406,4.958677685950414,70.88122605363985,0.0,0.0,0.0,0.0,1.0545215344281584,1.50587085690833,0.0,4.8804780876494025,1.9128934959914727,3.0273830586151007,0.0,9.760956175298805
kimi-k2-instruct-0905,one,9,1019.6666666666666,20.35790864613663,991.0,1047.0,32.0,18.40289832245635,18.0,58.0,2.3350010086663273,2.597871349660664,0.0,6.66700673331973,0.5555555555555556,0.8314794192830981,0.0,2.0,0.0551013094851488,0.0829708386119992,0.0,0.2004008016032064,10.777777777777779,11.340956042178158,0.0,27.0,1.0581681893290158,1.1191277606226262,0.0,2.7,71.69859514687101,23.287280816832038,22.22222222222222,100.0,4168790.3333333335,5700587.252602451,11239.0,12229298.0,32.0,18.40289832245635,18.0,58.0,10.962648379152284,5.643095829221465,3.137882967049263,16.23392051809825,12277.333333333334,14570.65336749027,0.0,32748.0,0.6013600808342902,0.6700782837593188,0.0,1.5362970876562065,1674345.6666666667,2355941.641880564,0.0,5006136.0,15.764440938392934,17.98694807235287,0.0,40.935595812613286,0.4273181727346178,0.08679093099239937,0.3100750420546757,0.541824385594429,176415182.3934114,250476207.08697593,1.1892605116002906,566303997.7521999,140563298.4289092,198886477.32834587,0.6015307231005868,437005203.8765917,0.5400071178192718,0.11621589472456273,0.4321720004123886,0.7235238959775839,9.93072903884327,6.447319460076268,2.0,17.79218711652981,10.55041062654183,3.9361264850355524,5.828232971372162,15.78256704980843,2.068605728487762,1.6475903215057113,0.0,4.157281553398058,0.0,0.0,0.0,0.0,1.974104511297711,1.1600922306200379,0.6649300795174116,4.021137475183135,51.39458741540845,20.659967372755624,28.333478838489274,84.00791867196764,0.0989841997511926,0.11471108856326068,0.0,0.3015075376884422,11.416804168600272,17.507626214640347,0.0,48.367952522255194,11.416804168600272,17.507626214640347,0.0,48.367952522255194
kimi-k2-instruct-0905,zero,9,984.1111111111111,75.51812798474938,830.0,1042.0,32.0,18.40289832245635,18.0,58.0,3.3719534843287926,4.64668304362925,0.0,10.905172413793103,1.7777777777777777,2.528845928164676,0.0,6.0,0.17159745860701334,0.2439550838251928,0.0,0.5758157389635317,11.777777777777779,12.389760806387917,1.0,33.0,1.1625430469269518,1.1842484782908167,0.09615384615384616,3.1761308950914344,73.36951894423159,29.681564841182936,22.22222222222222,100.0,4168790.3333333335,5700587.252602451,11239.0,12229298.0,32.0,18.40289832245635,18.0,58.0,10.962648379152284,5.643095829221465,3.137882967049263,16.23392051809825,12277.333333333334,14570.65336749027,0.0,32748.0,0.6013600808342902,0.6700782837593188,0.0,1.5362970876562065,1674345.6666666667,2355941.641880564,0.0,5006136.0,15.764440938392934,17.98694807235287,0.0,40.935595812613286,0.4356333567637226,0.1740482257659975,0.30003325907508227,0.8248959844711427,104388944.59162886,196538933.39871225,1.5588420238808676,516759958.1524294,13260701.53614123,34916395.23508271,0.6860653237831887,111817051.4576242,0.7071062544618985,0.0934491198936923,0.586947765524097,0.8325546111576978,9.93072903884327,6.447319460076268,2.0,17.79218711652981,8.789150362469746,3.9427962068009483,1.8349397590361445,12.551917989417989,2.540723975518824,2.7853509452616825,0.0,6.296153846153846,0.0,0.0,0.0,0.0,1.7733224544278832,0.830702288089671,0.8991512012660049,3.472591377707935,73.75824930630922,20.335748959003848,50.11267574260182,98.01587301587301,0.016420361247947452,0.036717043965513785,0.0,0.09852216748768472,5.120676749178373,14.269861516088474,0.0,45.48076923076923,5.136837919384284,14.264189717248202,0.0,45.48076923076923
llama-3.1-8b-instruct,few,9,767.7777777777778,309.3109825897188,237.0,1034.0,32.0,18.40289832245635,18.0,58.0,9.308419645001171,9.961230539214231,0.0,23.926165543920497,12.222222222222221,14.733014911926945,0.0,46.0,1.3954440871011022,1.5639369631157147,0.0,4.786680541103017,19.555555555555557,18.643504147921877,0.0,46.0,2.121098378234065,1.8588864981759983,0.0,4.786680541103017,52.539378458918684,25.83393312263925,22.22222222222222,95.0,4168790.3333333335,5700587.252602451,11239.0,12229298.0,32.0,18.40289832245635,18.0,58.0,10.962648379152284,5.643095829221465,3.137882967049263,16.23392051809825,12277.333333333334,14570.65336749027,0.0,32748.0,0.6013600808342902,0.6700782837593188,0.0,1.5362970876562065,1674345.6666666667,2355941.641880564,0.0,5006136.0,15.764440938392934,17.98694807235287,0.0,40.935595812613286,0.33668089508246,0.10349823729324553,0.1850906303835762,0.48715206193720473,122721399.73935042,239662346.2331026,0.6478961820081025,758004686.2045275,436016273.8452666,831131747.170639,0.7891195488750811,2621992917.1668344,0.46684351134372665,0.055211732086220225,0.38922571921825716,0.5507393655905263,9.93072903884327,6.447319460076268,2.0,17.79218711652981,9.716321739618502,5.715232970092534,2.2701375245579567,16.946088794926002,0.6100485306093186,0.572931712738613,0.0,1.7075118510089062,0.0,0.0,0.0,0.0,4.494542669974536,4.664174783678306,0.0,13.061297482922487,32.02398789658409,9.721648263694062,18.549713136570656,49.577167019027485,5.385043114568209,5.212239314642851,0.0,12.189349112426036,50.13201814928089,34.0525853369639,0.45351473922902497,83.84912959381045,52.70197635076123,35.99154055373688,0.6802721088435374,90.26178010471205
llama-3.1-8b-instruct,one,9,832.3333333333334,219.96363335788033,351.0,1013.0,32.0,18.40289832245635,18.0,58.0,11.468342666401103,13.545422010629386,0.0,36.15915119363395,38.55555555555556,46.024416493642235,0.0,139.0,4.217328272620858,4.652900345114536,0.0,14.256410256410257,51.77777777777778,61.381824631251625,0.0,156.0,5.580033775359089,6.214213235112014,0.0,16.132368148914168,54.26777352064708,26.926507452893212,22.22222222222222,100.0,4168790.3333333335,5700587.252602451,11239.0,12229298.0,32.0,18.40289832245635,18.0,58.0,10.962648379152284,5.643095829221465,3.137882967049263,16.23392051809825,12277.333333333334,14570.65336749027,0.0,32748.0,0.6013600808342902,0.6700782837593188,0.0,1.5362970876562065,1674345.6666666667,2355941.641880564,0.0,5006136.0,15.764440938392934,17.98694807235287,0.0,40.935595812613286,0.4234514079240912,0.16054258834086277,0.17767743407654443,0.5986638443160522,143334441.5261258,203643209.3610128,0.5966106188878814,472007351.5820728,69546645.52597459,102788831.6565735,1.0351045471779339,280411798.1176299,0.5675356769014723,0.05459134944279057,0.4957681740484264,0.6435731198002447,9.93072903884327,6.447319460076268,2.0,17.79218711652981,9.617078111662607,5.940265554938864,2.0069101678183614,17.16194510036314,0.42427842691160345,0.5409468437181288,0.0,1.4736905784487035,0.0,0.0,0.0,0.0,6.054726500609373,3.1138681987221286,0.9470977740208509,10.63888336982017,43.87082291161214,12.575733759568331,26.73672241666703,62.33905579399141,1.7669225961852237,2.520462745797097,0.0,6.76605504587156,53.78642899901006,37.819490051143184,0.14245014245014245,89.58998935037275,55.32861616512839,38.68815976572147,0.2849002849002849,93.2475884244373
llama-3.1-8b-instruct,zero,9,900.0,105.84475004038278,749.0,1040.0,32.0,18.40289832245635,18.0,58.0,7.62894850000896,7.43871334268719,0.3437006986702727,18.98209549071618,1.8888888888888888,2.997941680718231,0.0,10.0,0.19953135073461897,0.3152019424221677,0.0,1.050420168067227,26.666666666666668,32.46194353050627,1.0,86.0,2.708293685202918,3.2612446567941173,0.1287001287001287,8.921161825726141,48.22477650063857,12.44239068126316,22.22222222222222,60.0,4168790.3333333335,5700587.252602451,11239.0,12229298.0,32.0,18.40289832245635,18.0,58.0,10.962648379152284,5.643095829221465,3.137882967049263,16.23392051809825,12277.333333333334,14570.65336749027,0.0,32748.0,0.6013600808342902,0.6700782837593188,0.0,1.5362970876562065,1674345.6666666667,2355941.641880564,0.0,5006136.0,15.764440938392934,17.98694807235287,0.0,40.935595812613286,0.44409030098712854,0.17312522121639876,0.23582965816760082,0.7041318913012463,590542202.6861242,1283026741.7926059,1.1966936514388644,4157182619.492843,2308895100.913462,6420641686.0227995,0.5541688973729275,20468074451.67275,0.7229690958139963,0.03693932601761354,0.6767590784242095,0.792581332680621,9.93072903884327,6.447319460076268,2.0,17.79218711652981,9.930391258783224,6.4700941775229985,2.0,21.372650516054787,1.2321445175005008,1.4329655973533135,0.0,3.9738773105489553,0.0,0.0,0.0,0.0,7.792824931490098,3.696032743254998,0.9729129689673977,12.268867482408336,68.7073339491621,7.713840327240408,59.03810913038358,80.63569063652488,11.221750904500963,8.130646235377824,1.0962241169305724,26.34146341463415,44.23671807424699,40.5531852354949,1.8661518661518661,99.55357142857143,45.30202824961911,39.95608474361386,3.614457831325301,100.0
qwen3-coder-30b-a3b-instruct,few,9,882.8888888888889,225.46369229481246,456.0,1067.0,32.0,18.40289832245635,18.0,58.0,5.868752815606878,7.475376275648323,0.0,16.989200153500356,19.88888888888889,29.45597258600799,0.0,90.0,3.403716997366994,5.200792456508109,0.0,14.308426073131955,25.11111111111111,32.90202440392602,1.0,94.0,4.245950452224099,5.7730695424427365,0.09689922480620156,14.94435612082671,74.9127288207748,23.092001508825902,22.22222222222222,100.0,4168790.3333333335,5700587.252602451,11239.0,12229298.0,32.0,18.40289832245635,18.0,58.0,10.962648379152284,5.643095829221465,3.137882967049263,16.23392051809825,12277.333333333334,14570.65336749027,0.0,32748.0,0.6013600808342902,0.6700782837593188,0.0,1.5362970876562065,1674345.6666666667,2355941.641880564,0.0,5006136.0,15.764440938392934,17.98694807235287,0.0,40.935595812613286,0.32720830790659694,0.04004377765022646,0.2744947880278795,0.39273194488702284,24516726.88344293,36569290.50480092,0.7055651189479492,97279266.96154253,49810194.64967631,82134512.55503367,2.875175903993937,239850033.58205402,0.4333686869568039,0.029886410065395597,0.384128812058077,0.4794939115371461,9.93072903884327,6.447319460076268,2.0,17.79218711652981,9.305396165513043,5.694210284779735,2.002202643171806,16.21370837374717,0.6332415334804006,0.8961586284013945,0.0,2.0561288148821557,0.0,0.0,0.0,0.0,3.5086404159032814,2.4410747514602544,1.0941960038058993,7.279321097404785,31.5952222190146,7.150431206523846,20.880633144479507,43.536121673003805,0.03208641033979169,0.04538157616045351,0.0,0.09737098344693282,12.531226890968119,13.69288157999535,0.3514526710402999,33.54531001589825,14.59490527402115,12.593488660736734,0.4686035613870665,33.54531001589825
qwen3-coder-30b-a3b-instruct,one,9,836.0,264.1834379534207,425.0,1051.0,32.0,18.40289832245635,18.0,58.0,4.3392958665433925,5.749763847988775,0.0,13.63894523326572,6.888888888888889,5.858411700650697,0.0,17.0,1.2188236302127773,1.3062313353059478,0.0,3.3663366336633667,11.777777777777779,12.558996578617593,2.0,42.0,2.1571814683526958,2.761508013703658,0.19627085377821393,8.316831683168317,78.69944657300978,17.66606345770521,50.0,100.0,4168790.3333333335,5700587.252602451,11239.0,12229298.0,32.0,18.40289832245635,18.0,58.0,10.962648379152284,5.643095829221465,3.137882967049263,16.23392051809825,12277.333333333334,14570.65336749027,0.0,32748.0,0.6013600808342902,0.6700782837593188,0.0,1.5362970876562065,1674345.6666666667,2355941.641880564,0.0,5006136.0,15.764440938392934,17.98694807235287,0.0,40.935595812613286,0.4387287578952243,0.09756494315785191,0.281329190459934,0.5341032996995982,143582095.02013943,212113457.7670749,0.593991861070584,509580825.2704509,624449706.3417573,1580002484.253743,2.8808465001944965,5082570866.939953,0.5303641926639753,0.028297165158290265,0.48032814817445746,0.5838588144689667,9.93072903884327,6.447319460076268,2.0,17.79218711652981,9.289967965384967,5.668379889190261,2.0139442231075697,16.137254901960784,0.6590817384784707,0.9098068348152942,0.0,2.091173050451955,0.0,0.0,0.0,0.0,4.443088775595844,2.820082456432829,1.0890299145530906,8.547709110932121,44.57728333691792,4.335214272695441,36.38095238095238,50.76132984953599,0.1144922417722533,0.10552436936808691,0.0,0.2967359050445104,44.7236052718443,35.25125046666081,0.29556650246305416,93.46534653465348,46.79807118199301,35.24420575353309,0.3940886699507389,93.46534653465348
qwen3-coder-30b-a3b-instruct,zero,9,891.3333333333334,175.24839514243777,513.0,1027.0,32.0,18.40289832245635,18.0,58.0,2.0628399835348517,2.7637370723816432,0.0,6.338643543725213,10.666666666666666,19.80460103668393,0.0,52.0,1.4471380893172254,2.6853758871367766,0.0,6.806282722513089,22.0,32.70745752542955,2.0,95.0,2.956070427921411,4.581294704676635,0.19474196689386564,13.513513513513514,74.64240102171136,28.701517993487073,32.758620689655174,100.0,4168790.3333333335,5700587.252602451,11239.0,12229298.0,32.0,18.40289832245635,18.0,58.0,10.962648379152284,5.643095829221465,3.137882967049263,16.23392051809825,12277.333333333334,14570.65336749027,0.0,32748.0,0.6013600808342902,0.6700782837593188,0.0,1.5362970876562065,1674345.6666666667,2355941.641880564,0.0,5006136.0,15.764440938392934,17.98694807235287,0.0,40.935595812613286,0.5469732200781622,0.11351547408671583,0.43080298257771316,0.7951023202436365,203131052.26477566,287340206.6670182,1.3720645424175264,622963470.8456209,120427988.73818676,170503033.90851024,0.6019212502705606,380838752.5729673,0.7257870741912172,0.035483559079504456,0.6856718952059295,0.8028507544827331,9.93072903884327,6.447319460076268,2.0,17.79218711652981,8.600185506953776,3.9146335546381303,1.9502133712660028,12.814995131450829,2.2211211366295407,2.3210078881363954,0.0,5.753876703956136,0.0,0.0,0.0,0.0,3.4465624031359186,2.260240659105523,0.05569516507268833,7.938520658749941,79.87357346096948,11.500893323714411,66.09311740890688,95.8398953399696,0.016903313049357674,0.037796957023323016,0.0,0.10141987829614604,36.87188684652902,44.99792808713834,0.0,99.8539435248296,36.937425775795695,45.08958441134582,0.0,100.0
