domain,model,shot,generated_path,run_id,run_name,generated_row_count,generated_column_count,generated_overall_missing_pct,generated_duplicate_rows,generated_duplicate_rows_pct,generated_duplicate_rows_primary_key,generated_duplicate_rows_primary_key_pct,generated_type_correctness_pct,real_row_count,real_column_count,real_overall_missing_pct,real_duplicate_rows,real_duplicate_rows_pct,real_duplicate_rows_primary_key,real_duplicate_rows_primary_key_pct,numeric_avg_ks_real_vs_generated,numeric_avg_mean_diff_real_vs_generated,numeric_avg_std_diff_real_vs_generated,categorical_avg_js_divergence_real_vs_generated,text_avg_length_real_mean,text_avg_length_generated_mean,text_avg_length_abs_diff_mean,text_empty_pct_generated_mean,numeric_outlier_pct_mean,categorical_unexpected_value_pct_mean,date_invalid_values_pct_mean,row_constraints_mean_violations_pct,row_constraints_max_violations_pct
hatecrime,kimi-k2-instruct-0905,few,data/generated/kimi-k2-instruct-0905-run1/hatecrime/few/csv/kimi-k2-instruct-0905-run1-raw_finals_of_all_chunks_hatecrime_few_csv_clean.csv,run1,kimi-k2-instruct-0905-run1,1004,20,7.250996015936255,3,0.29880478087649404,23,2.2908366533864544,100.0,265834,20,13.516141652309335,4084,1.5362970876562065,16901,6.357727002565511,0.3542616166949772,1.182805913494453,0.6139677366919251,0.30073362271560294,10.0,10.0,0.0,0.0,0.6613957324745469,5.2969938428105765,0.0,4.8804780876494025,9.760956175298805
hatecrime,kimi-k2-instruct-0905,one,data/generated/kimi-k2-instruct-0905-run1/hatecrime/one/csv/kimi-k2-instruct-0905-run1-raw_finals_of_all_chunks_hatecrime_one_csv_clean.csv,run1,kimi-k2-instruct-0905-run1,1000,20,1.35,2,0.2,27,2.7,100.0,265834,20,13.516141652309335,4084,1.5362970876562065,16901,6.357727002565511,0.3100750420546757,1.2857174426814608,0.6015307231005868,0.4321720004123886,10.0,10.0,0.0,0.0,1.4305775414296313,28.333478838489274,0.0,0.0,0.0
hatecrime,kimi-k2-instruct-0905,zero,data/generated/kimi-k2-instruct-0905-run1/hatecrime/zero/csv/kimi-k2-instruct-0905-run1-raw_finals_of_all_chunks_hatecrime_zero_csv_clean.csv,run1,kimi-k2-instruct-0905-run1,1042,20,0.46065259117082535,6,0.5758157389635317,27,2.5911708253358925,100.0,265834,20,13.516141652309335,4084,1.5362970876562065,16901,6.357727002565511,0.3330917025620024,1.5588420238808676,0.6886325125572281,0.5888149492268597,10.0,10.0,0.0,0.0,1.5235124760076775,50.11267574260182,0.0,0.04798464491362764,0.09596928982725528
hatecrime,kimi-k2-instruct-0905,few,data/generated/kimi-k2-instruct-0905-run2/hatecrime/few/csv/kimi-k2-instruct-0905-run2-raw_finals_of_all_chunks_hatecrime_few_csv_clean.csv,run2,kimi-k2-instruct-0905-run2,1007,20,9.289970208540218,7,0.6951340615690168,31,3.0784508440913605,100.0,265834,20,13.516141652309335,4084,1.5362970876562065,16901,6.357727002565511,0.38593517447986764,1.2404717635408389,0.620572178543276,0.2902970141209212,10.0,10.0,0.0,0.0,0.5279308238024801,5.100659023201228,0.0,0.893743793445879,1.787487586891758
hatecrime,kimi-k2-instruct-0905,one,data/generated/kimi-k2-instruct-0905-run2/hatecrime/one/csv/kimi-k2-instruct-0905-run2-raw_finals_of_all_chunks_hatecrime_one_csv_clean.csv,run2,kimi-k2-instruct-0905-run2,998,20,0.9318637274549099,2,0.2004008016032064,25,2.50501002004008,60.0,265834,20,13.516141652309335,4084,1.5362970876562065,16901,6.357727002565511,0.3466265962815298,1.3357846345861382,0.6200244154192518,0.4492207594086365,10.0,10.009018036072144,0.009018036072143687,0.0,0.9847096659638105,31.1119292202102,0.3015075376884422,0.0,0.0
hatecrime,kimi-k2-instruct-0905,zero,data/generated/kimi-k2-instruct-0905-run2/hatecrime/zero/csv/kimi-k2-instruct-0905-run2-raw_finals_of_all_chunks_hatecrime_zero_csv_clean.csv,run2,kimi-k2-instruct-0905-run2,1026,20,0.0,5,0.4873294346978557,27,2.631578947368421,100.0,265834,20,13.516141652309335,4084,1.5362970876562065,16901,6.357727002565511,0.3413554908982728,1.5977229153289345,0.6860653237831887,0.586947765524097,10.0,10.0,0.0,0.0,1.4863547758284599,50.60251639199007,0.0,0.09746588693957114,0.1949317738791423
hatecrime,kimi-k2-instruct-0905,few,data/generated/kimi-k2-instruct-0905-run3/hatecrime/few/csv/kimi-k2-instruct-0905-run3-raw_finals_of_all_chunks_hatecrime_few_csv_clean.csv,run3,kimi-k2-instruct-0905-run3,1012,20,8.83399209486166,4,0.3952569169960474,26,2.5691699604743086,100.0,265834,20,13.516141652309335,4084,1.5362970876562065,16901,6.357727002565511,0.3863875763634521,1.282672530945115,0.6243578304977204,0.3010010330116467,10.0,10.0,0.0,0.0,1.0475650930465792,4.958677685950414,0.0,1.9268774703557312,3.8537549407114624
hatecrime,kimi-k2-instruct-0905,one,data/generated/kimi-k2-instruct-0905-run3/hatecrime/one/csv/kimi-k2-instruct-0905-run3-raw_finals_of_all_chunks_hatecrime_one_csv_clean.csv,run3,kimi-k2-instruct-0905-run3,1047,20,1.0458452722063039,1,0.09551098376313276,21,2.005730659025788,60.0,265834,20,13.516141652309335,4084,1.5362970876562065,16901,6.357727002565511,0.32298217087652026,1.1892605116002906,0.602850528525724,0.44384696368713256,10.0,10.005730659025788,0.005730659025788398,0.0,1.2019103904811488,30.250933402795862,0.19138755980861244,0.0,0.0
hatecrime,kimi-k2-instruct-0905,zero,data/generated/kimi-k2-instruct-0905-run3/hatecrime/zero/csv/kimi-k2-instruct-0905-run3-raw_finals_of_all_chunks_hatecrime_zero_csv_clean.csv,run3,kimi-k2-instruct-0905-run3,1039,20,0.18768046198267566,5,0.4812319538017324,33,3.1761308950914344,95.0,265834,20,13.516141652309335,4084,1.5362970876562065,16901,6.357727002565511,0.3486539730345136,1.605872759966239,0.6941731985609989,0.5935192087075025,10.0,10.0,0.0,0.0,1.0486981677917069,51.39826422372227,0.0,0.0,0.0
hatecrime,llama-3.1-8b-instruct,few,data/generated/llama-3.1-8b-instruct-run1/hatecrime/few/csv/llama-3.1-8b-instruct-run1-raw_finals_of_all_chunks_hatecrime_few_csv_clean.csv,run1,llama-3.1-8b-instruct-run1,441,20,2.5510204081632653,11,2.494331065759637,11,2.494331065759637,60.0,265834,20,13.516141652309335,4084,1.5362970876562065,16901,6.357727002565511,0.1850906303835762,0.8693439193441655,0.8322814263007694,0.44148025674452196,10.0,10.006976744186046,0.006976744186045991,0.0,0.0,20.90909090909091,0.2331002331002331,0.45351473922902497,0.6802721088435374
hatecrime,llama-3.1-8b-instruct,one,data/generated/llama-3.1-8b-instruct-run1/hatecrime/one/csv/llama-3.1-8b-instruct-run1-raw_finals_of_all_chunks_hatecrime_one_csv_clean.csv,run1,llama-3.1-8b-instruct-run1,569,20,3.3831282952548327,0,0.0,0,0.0,75.0,265834,20,13.516141652309335,4084,1.5362970876562065,16901,6.357727002565511,0.17767743407654443,0.6928411352199648,1.0354233371992143,0.5183344259997607,10.0,10.0,0.0,0.0,3.75,37.798701298701296,0.0,1.2302284710017575,1.7574692442882252
hatecrime,llama-3.1-8b-instruct,zero,data/generated/llama-3.1-8b-instruct-run1/hatecrime/zero/csv/llama-3.1-8b-instruct-run1-raw_finals_of_all_chunks_hatecrime_zero_csv_clean.csv,run1,llama-3.1-8b-instruct-run1,830,20,2.144578313253012,2,0.24096385542168677,2,0.24096385542168677,60.0,265834,20,13.516141652309335,4084,1.5362970876562065,16901,6.357727002565511,0.33349929439855874,2.433353299524994,2.7171776647961585,0.6870560619297277,10.0,10.43855421686747,0.43855421686746965,0.0,7.096262972256885,66.92157784457498,1.0962241169305724,2.6506024096385543,3.614457831325301
hatecrime,llama-3.1-8b-instruct,few,data/generated/llama-3.1-8b-instruct-run2/hatecrime/few/csv/llama-3.1-8b-instruct-run2-raw_finals_of_all_chunks_hatecrime_few_csv_clean.csv,run2,llama-3.1-8b-instruct-run2,237,20,6.518987341772152,0,0.0,0,0.0,60.0,265834,20,13.516141652309335,4084,1.5362970876562065,16901,6.357727002565511,0.20752236821141604,0.6478961820081025,0.7891195488750811,0.4306291939584922,10.0,10.027149321266968,0.02714932126696823,0.0,1.1922570761004763,23.03578774167009,0.91324200913242,7.805907172995781,8.016877637130802
hatecrime,llama-3.1-8b-instruct,one,data/generated/llama-3.1-8b-instruct-run2/hatecrime/one/csv/llama-3.1-8b-instruct-run2-raw_finals_of_all_chunks_hatecrime_one_csv_clean.csv,run2,llama-3.1-8b-instruct-run2,733,20,3.7039563437926333,0,0.0,0,0.0,60.0,265834,20,13.516141652309335,4084,1.5362970876562065,16901,6.357727002565511,0.22094071954786065,0.6270067447009895,1.1076279864802714,0.5092033566052209,10.0,10.00413223140496,0.004132231404959441,0.0,1.795059338868232,36.82752847368286,0.13793103448275862,4.843110504774898,6.548431105047749
hatecrime,llama-3.1-8b-instruct,zero,data/generated/llama-3.1-8b-instruct-run2/hatecrime/zero/csv/llama-3.1-8b-instruct-run2-raw_finals_of_all_chunks_hatecrime_zero_csv_clean.csv,run2,llama-3.1-8b-instruct-run2,749,20,3.0774365821094793,0,0.0,1,0.13351134846461948,60.0,265834,20,13.516141652309335,4084,1.5362970876562065,16901,6.357727002565511,0.23582965816760082,1.1966936514388644,0.6109830922651448,0.6767590784242095,10.0,9.678237650200266,0.3217623497997337,0.0,0.9729129689673977,59.03810913038358,15.408320493066254,5.941255006675568,11.081441922563418
hatecrime,llama-3.1-8b-instruct,few,data/generated/llama-3.1-8b-instruct-run3/hatecrime/few/csv/llama-3.1-8b-instruct-run3-raw_finals_of_all_chunks_hatecrime_few_csv_clean.csv,run3,llama-3.1-8b-instruct-run3,334,20,5.074850299401198,0,0.0,0,0.0,95.0,265834,20,13.516141652309335,4084,1.5362970876562065,16901,6.357727002565511,0.20762812343150072,0.7861968904449858,0.8612034760598855,0.4181344338348796,10.0,10.0,0.0,0.0,0.1567398119122257,18.549713136570656,0.0,0.5988023952095809,0.8982035928143712
hatecrime,llama-3.1-8b-instruct,one,data/generated/llama-3.1-8b-instruct-run3/hatecrime/one/csv/llama-3.1-8b-instruct-run3-raw_finals_of_all_chunks_hatecrime_one_csv_clean.csv,run3,llama-3.1-8b-instruct-run3,351,20,5.398860398860399,12,3.418803418803419,12,3.418803418803419,90.0,265834,20,13.516141652309335,4084,1.5362970876562065,16901,6.357727002565511,0.20178748117554626,0.5966106188878814,1.0351045471779339,0.4957681740484264,10.0,10.00887573964497,0.008875739644970793,0.0,0.9470977740208509,34.54801848044121,0.0,0.14245014245014245,0.2849002849002849
hatecrime,llama-3.1-8b-instruct,zero,data/generated/llama-3.1-8b-instruct-run3/hatecrime/zero/csv/llama-3.1-8b-instruct-run3-raw_finals_of_all_chunks_hatecrime_zero_csv_clean.csv,run3,llama-3.1-8b-instruct-run3,777,20,2.9729729729729732,0,0.0,1,0.1287001287001287,60.0,265834,20,13.516141652309335,4084,1.5362970876562065,16901,6.357727002565511,0.2650567989810945,1.5057795048054634,0.5541688973729275,0.7032912195822375,10.0,11.281853281853282,1.281853281853282,0.0,1.6653312072804034,67.13370646577262,26.34146341463415,1.8661518661518661,3.7323037323037322
hatecrime,qwen3-coder-30b-a3b-instruct,few,data/generated/qwen3-coder-30b-a3b-instruct-run1/hatecrime/few/csv/qwen3-coder-30b-a3b-instruct-run1-raw_finals_of_all_chunks_hatecrime_few_csv_clean.csv,run1,qwen3-coder-30b-a3b-instruct-run1,1032,20,1.4534883720930232,0,0.0,1,0.09689922480620156,85.0,265834,20,13.516141652309335,4084,1.5362970876562065,16901,6.357727002565511,0.2961638265771189,0.9121009319936857,2.875175903993937,0.40898965629918854,10.0,10.0,0.0,0.0,1.9449848123993874,20.880633144479507,0.0,4.215116279069767,8.430232558139535
hatecrime,qwen3-coder-30b-a3b-instruct,one,data/generated/qwen3-coder-30b-a3b-instruct-run1/hatecrime/one/csv/qwen3-coder-30b-a3b-instruct-run1-raw_finals_of_all_chunks_hatecrime_one_csv_clean.csv,run1,qwen3-coder-30b-a3b-instruct-run1,1009,20,0.31714568880079286,0,0.0,2,0.19821605550049554,100.0,265834,20,13.516141652309335,4084,1.5362970876562065,16901,6.357727002565511,0.281329190459934,0.7607392888779283,4.504203666954832,0.5838588144689667,10.0,10.0,0.0,0.0,1.5770411971270903,50.76132984953599,0.0,0.29732408325074333,0.5946481665014867
hatecrime,qwen3-coder-30b-a3b-instruct,zero,data/generated/qwen3-coder-30b-a3b-instruct-run1/hatecrime/zero/csv/qwen3-coder-30b-a3b-instruct-run1-raw_finals_of_all_chunks_hatecrime_zero_csv_clean.csv,run1,qwen3-coder-30b-a3b-instruct-run1,1012,20,0.09387351778656126,0,0.0,6,0.592885375494071,100.0,265834,20,13.516141652309335,4084,1.5362970876562065,16901,6.357727002565511,0.43080298257771316,1.4064213123425495,0.6019212502705606,0.6996867398343025,10.0,10.0,0.0,0.0,2.173913043478261,68.55673444477146,0.0,0.0,0.0
hatecrime,qwen3-coder-30b-a3b-instruct,few,data/generated/qwen3-coder-30b-a3b-instruct-run2/hatecrime/few/csv/qwen3-coder-30b-a3b-instruct-run2-raw_finals_of_all_chunks_hatecrime_few_csv_clean.csv,run2,qwen3-coder-30b-a3b-instruct-run2,1031,20,0.6838021338506304,0,0.0,1,0.09699321047526674,85.0,265834,20,13.516141652309335,4084,1.5362970876562065,16901,6.357727002565511,0.32526574374809036,0.9382004308731775,2.888716137451597,0.4442939265215745,10.0,10.0,0.0,0.0,2.3661650138022705,25.839041652411673,0.0,5.383123181377304,10.766246362754607
hatecrime,qwen3-coder-30b-a3b-instruct,one,data/generated/qwen3-coder-30b-a3b-instruct-run2/hatecrime/one/csv/qwen3-coder-30b-a3b-instruct-run2-raw_finals_of_all_chunks_hatecrime_one_csv_clean.csv,run2,qwen3-coder-30b-a3b-instruct-run2,1019,20,0.47105004906771347,0,0.0,2,0.19627085377821393,85.0,265834,20,13.516141652309335,4084,1.5362970876562065,16901,6.357727002565511,0.2960330273612962,0.9998326439292473,2.8808465001944965,0.5542440361124084,10.0,9.983316977428851,0.016683022571148953,0.0,1.0890299145530906,46.60074204505433,0.19665683382497542,1.7664376840039255,3.532875368007851
hatecrime,qwen3-coder-30b-a3b-instruct,zero,data/generated/qwen3-coder-30b-a3b-instruct-run2/hatecrime/zero/csv/qwen3-coder-30b-a3b-instruct-run2-raw_finals_of_all_chunks_hatecrime_zero_csv_clean.csv,run2,qwen3-coder-30b-a3b-instruct-run2,987,20,0.3951367781155016,1,0.10131712259371835,8,0.8105369807497468,85.0,265834,20,13.516141652309335,4084,1.5362970876562065,16901,6.357727002565511,0.43177135429736835,1.3720645424175264,0.6395288831077715,0.6887408617577021,10.0,9.990881458966566,0.009118541033434013,0.0,2.9248970314464744,67.67261719980397,0.10141987829614604,0.0,0.0
hatecrime,qwen3-coder-30b-a3b-instruct,few,data/generated/qwen3-coder-30b-a3b-instruct-run3/hatecrime/few/csv/qwen3-coder-30b-a3b-instruct-run3-raw_finals_of_all_chunks_hatecrime_few_csv_clean.csv,run3,qwen3-coder-30b-a3b-instruct-run3,1018,20,1.1542239685658153,0,0.0,1,0.09823182711198428,100.0,265834,20,13.516141652309335,4084,1.5362970876562065,16901,6.357727002565511,0.2874754221093222,0.7055651189479492,4.502279285030123,0.43620742451182254,10.0,10.0,0.0,0.0,1.4556432439842422,27.003935419708146,0.0,4.715127701375246,9.430255402750491
hatecrime,qwen3-coder-30b-a3b-instruct,one,data/generated/qwen3-coder-30b-a3b-instruct-run3/hatecrime/one/csv/qwen3-coder-30b-a3b-instruct-run3-raw_finals_of_all_chunks_hatecrime_one_csv_clean.csv,run3,qwen3-coder-30b-a3b-instruct-run3,1015,20,0.8522167487684729,0,0.0,2,0.19704433497536944,80.0,265834,20,13.516141652309335,4084,1.5362970876562065,16901,6.357727002565511,0.33587976424095145,0.593991861070584,7.659333346798004,0.5517799914281983,10.0,9.97337278106509,0.0266272189349106,0.0,1.939660975989024,46.81034079401195,0.2967359050445104,0.29556650246305416,0.3940886699507389
hatecrime,qwen3-coder-30b-a3b-instruct,zero,data/generated/qwen3-coder-30b-a3b-instruct-run3/hatecrime/zero/csv/qwen3-coder-30b-a3b-instruct-run3-raw_finals_of_all_chunks_hatecrime_zero_csv_clean.csv,run3,qwen3-coder-30b-a3b-instruct-run3,988,20,0.025303643724696356,0,0.0,5,0.5060728744939271,100.0,265834,20,13.516141652309335,4084,1.5362970876562065,16901,6.357727002565511,0.46889096724750556,1.4465195864940397,0.6351803483123557,0.6856718952059295,10.0,10.0,0.0,0.0,1.8363215731636784,66.09311740890688,0.0,0.0,0.0
employment,kimi-k2-instruct-0905,few,data/generated/kimi-k2-instruct-0905-run1/employment/few/csv/kimi-k2-instruct-0905-run1-raw_finals_of_all_chunks_employment_few_csv_clean.csv,run1,kimi-k2-instruct-0905-run1,1031,18,0.1239357689406186,0,0.0,2,0.19398642095053348,100.0,11239,18,3.137882967049263,0,0.0,0,0.0,0.4115865748907188,78.15501562055303,6005.121499632502,0.551992689526264,17.79218711652981,15.451017800312124,2.3411693162176856,0.0,0.5621107170825532,55.49076773566569,0.0,0.1697381183317168,0.19398642095053348
employment,kimi-k2-instruct-0905,one,data/generated/kimi-k2-instruct-0905-run1/employment/one/csv/kimi-k2-instruct-0905-run1-raw_finals_of_all_chunks_employment_one_csv_clean.csv,run1,kimi-k2-instruct-0905-run1,991,18,0.0,0,0.0,2,0.20181634712411706,22.22222222222222,11239,18,3.137882967049263,0,0.0,0,0.0,0.41472775760906,79.73753700610891,6004.209467354974,0.49360669183751577,17.79218711652981,15.600067272115709,2.1921198444141012,0.0,1.6955266955266954,47.124117053481335,0.10101010101010101,0.10090817356205853,0.10090817356205853
employment,kimi-k2-instruct-0905,zero,data/generated/kimi-k2-instruct-0905-run1/employment/zero/csv/kimi-k2-instruct-0905-run1-raw_finals_of_all_chunks_employment_zero_csv_clean.csv,run1,kimi-k2-instruct-0905-run1,1008,18,0.0,0,0.0,3,0.2976190476190476,100.0,11239,18,3.137882967049263,0,0.0,0,0.0,0.30003325907508227,72.65300631746382,6003.355974071979,0.8061618770784533,17.79218711652981,12.551917989417989,5.240269127111821,0.0,1.1550453514739227,98.01587301587301,0.0,0.0,0.0
employment,kimi-k2-instruct-0905,few,data/generated/kimi-k2-instruct-0905-run2/employment/few/csv/kimi-k2-instruct-0905-run2-raw_finals_of_all_chunks_employment_few_csv_clean.csv,run2,kimi-k2-instruct-0905-run2,1003,18,0.055389387393375435,0,0.0,2,0.19940179461615154,88.88888888888889,11239,18,3.137882967049263,0,0.0,0,0.0,0.3900718499483568,79.44773301633454,6002.9573427922805,0.515010596389334,17.79218711652981,15.994017946161515,1.7981691703682952,0.0,0.7983751621103039,50.399201596806385,0.0,0.19940179461615154,0.19940179461615154
employment,kimi-k2-instruct-0905,one,data/generated/kimi-k2-instruct-0905-run2/employment/one/csv/kimi-k2-instruct-0905-run2-raw_finals_of_all_chunks_employment_one_csv_clean.csv,run2,kimi-k2-instruct-0905-run2,1042,18,0.0,0,0.0,20,1.9193857965451053,100.0,11239,18,3.137882967049263,0,0.0,0,0.0,0.4256954271253279,81.17525139984056,6004.571308716334,0.5040736673505979,17.79218711652981,15.473768394113884,2.3184187224159256,0.0,0.6649300795174116,49.80806142034549,0.0,0.0,0.0
employment,kimi-k2-instruct-0905,zero,data/generated/kimi-k2-instruct-0905-run2/employment/zero/csv/kimi-k2-instruct-0905-run2-raw_finals_of_all_chunks_employment_zero_csv_clean.csv,run2,kimi-k2-instruct-0905-run2,1016,18,0.0,0,0.0,4,0.39370078740157477,22.22222222222222,11239,18,3.137882967049263,0,0.0,0,0.0,0.30093958142438665,71.6681323046403,6002.26052735203,0.7830902597163178,17.79218711652981,12.03740157480315,5.75478554172666,0.0,1.5130190007037299,95.86614173228347,0.09852216748768472,0.09842519685039369,0.09842519685039369
employment,kimi-k2-instruct-0905,few,data/generated/kimi-k2-instruct-0905-run3/employment/few/csv/kimi-k2-instruct-0905-run3-raw_finals_of_all_chunks_employment_few_csv_clean.csv,run3,kimi-k2-instruct-0905-run3,1044,18,0.0,0,0.0,4,0.38314176245210724,100.0,11239,18,3.137882967049263,0,0.0,0,0.0,0.40195933120680843,80.32944338517045,6003.205800282645,0.6143168799594978,17.79218711652981,15.415389527458494,2.376797589071316,0.0,1.0467980295566501,70.88122605363985,0.0,0.0,0.0
employment,kimi-k2-instruct-0905,one,data/generated/kimi-k2-instruct-0905-run3/employment/one/csv/kimi-k2-instruct-0905-run3-raw_finals_of_all_chunks_employment_one_csv_clean.csv,run3,kimi-k2-instruct-0905-run3,1044,18,0.0,0,0.0,2,0.19157088122605362,94.44444444444444,11239,18,3.137882967049263,0,0.0,0,0.0,0.41410960140190006,79.96511393777539,6003.85922718543,0.43623748478136654,17.79218711652981,15.78256704980843,2.0096200667213804,0.0,1.2452107279693487,39.6551724137931,0.0,0.0,0.0
employment,kimi-k2-instruct-0905,zero,data/generated/kimi-k2-instruct-0905-run3/employment/zero/csv/kimi-k2-instruct-0905-run3-raw_finals_of_all_chunks_employment_zero_csv_clean.csv,run3,kimi-k2-instruct-0905-run3,993,18,0.0,0,0.0,2,0.2014098690835851,100.0,11239,18,3.137882967049263,0,0.0,0,0.0,0.3109485897907401,73.37444159752604,6001.815320605013,0.7821472514882553,17.79218711652981,12.533736153071501,5.2584509634583085,0.0,0.8991512012660049,96.07250755287009,0.0,0.0,0.0
employment,llama-3.1-8b-instruct,few,data/generated/llama-3.1-8b-instruct-run1/employment/few/csv/llama-3.1-8b-instruct-run1-raw_finals_of_all_chunks_employment_few_csv_clean.csv,run1,llama-3.1-8b-instruct-run1,955,18,0.04072134962187318,0,0.0,1,0.10471204188481677,94.44444444444444,11239,18,3.137882967049263,0,0.0,0,0.0,0.3725320082318887,79.67855272435985,6000.876732931686,0.42742777493460926,17.79218711652981,16.63574605488914,1.1564410616406704,0.0,1.587551167197555,34.13612565445026,12.189349112426036,82.87958115183245,90.26178010471205
employment,llama-3.1-8b-instruct,one,data/generated/llama-3.1-8b-instruct-run1/employment/one/csv/llama-3.1-8b-instruct-run1-raw_finals_of_all_chunks_employment_one_csv_clean.csv,run1,llama-3.1-8b-instruct-run1,939,18,0.22482546444207788,0,0.0,0,0.0,22.22222222222222,11239,18,3.137882967049263,0,0.0,0,0.0,0.513147592762158,85.75856220740577,6003.028840528479,0.6403729073888513,17.79218711652981,16.575437617729992,1.2167494987998175,0.0,7.495687627411009,61.34185303514377,3.3003300330033,89.58998935037275,92.11927582534611
employment,llama-3.1-8b-instruct,zero,data/generated/llama-3.1-8b-instruct-run1/employment/zero/csv/llama-3.1-8b-instruct-run1-raw_finals_of_all_chunks_employment_zero_csv_clean.csv,run1,llama-3.1-8b-instruct-run1,986,18,0.3437006986702727,2,0.2028397565922921,4,0.4056795131845842,22.22222222222222,11239,18,3.137882967049263,0,0.0,0,0.0,0.3734575382423762,2187.219105380264,12051.217130341738,0.792581332680621,17.79218711652981,13.818309805980855,3.9738773105489553,0.0,12.268867482408336,64.89252814738997,9.367945823927764,98.9604462474645,99.59432048681542
employment,llama-3.1-8b-instruct,few,data/generated/llama-3.1-8b-instruct-run2/employment/few/csv/llama-3.1-8b-instruct-run2-raw_finals_of_all_chunks_employment_few_csv_clean.csv,run2,llama-3.1-8b-instruct-run2,961,18,0.40467106023817784,46,4.786680541103017,46,4.786680541103017,22.22222222222222,11239,18,3.137882967049263,0,0.0,0,0.0,0.3658807646160236,87.13189334496282,6275.087380979218,0.38922571921825716,17.79218711652981,16.084675265520904,1.7075118510089062,0.0,3.2287958954625617,29.913606911447083,7.549361207897793,75.93652445369408,84.28720083246618
employment,llama-3.1-8b-instruct,one,data/generated/llama-3.1-8b-instruct-run2/employment/one/csv/llama-3.1-8b-instruct-run2-raw_finals_of_all_chunks_employment_one_csv_clean.csv,run2,llama-3.1-8b-instruct-run2,1011,18,0.0,61,6.033630069238378,61,6.033630069238378,100.0,11239,18,3.137882967049263,0,0.0,0,0.0,0.5986638443160522,89.54306803953614,6006.29540841926,0.6224210295377065,17.79218711652981,16.318496538081106,1.4736905784487035,0.0,5.3341811502048895,59.2482690405539,0.3972194637537239,88.8971315529179,93.07616221562809
employment,llama-3.1-8b-instruct,zero,data/generated/llama-3.1-8b-instruct-run2/employment/zero/csv/llama-3.1-8b-instruct-run2-raw_finals_of_all_chunks_employment_zero_csv_clean.csv,run2,llama-3.1-8b-instruct-run2,791,18,0.36521983424638294,0,0.0,2,0.2528445006321113,55.55555555555556,11239,18,3.137882967049263,0,0.0,0,0.0,0.3544632026087576,2591.9336671923515,12431.734383460576,0.721213368240288,17.79218711652981,21.372650516054787,3.5804633995249766,0.0,8.937038306146357,60.913705583756354,10.53370786516854,99.20986093552466,99.74715549936789
employment,llama-3.1-8b-instruct,few,data/generated/llama-3.1-8b-instruct-run3/employment/few/csv/llama-3.1-8b-instruct-run3-raw_finals_of_all_chunks_employment_few_csv_clean.csv,run3,llama-3.1-8b-instruct-run3,946,18,0.0,4,0.42283298097251587,5,0.5285412262156448,22.22222222222222,11239,18,3.137882967049263,0,0.0,0,0.0,0.35896755059526414,77.46377484541678,6002.349711375363,0.4938176028840389,17.79218711652981,16.946088794926002,0.846098321603808,0.0,1.8711180124223605,49.577167019027485,11.42520612485277,70.29598308668076,76.95560253699789
employment,llama-3.1-8b-instruct,one,data/generated/llama-3.1-8b-instruct-run3/employment/one/csv/llama-3.1-8b-instruct-run3-raw_finals_of_all_chunks_employment_one_csv_clean.csv,run3,llama-3.1-8b-instruct-run3,933,18,0.10718113612004287,76,8.145766345123258,76,8.145766345123258,22.22222222222222,11239,18,3.137882967049263,0,0.0,0,0.0,0.511882988179304,87.79673188424529,6002.449320746005,0.6435731198002447,17.79218711652981,17.16194510036314,0.6302420161666689,0.0,7.7895133770478795,62.33905579399141,6.76605504587156,88.45123258306538,93.2475884244373
employment,llama-3.1-8b-instruct,zero,data/generated/llama-3.1-8b-instruct-run3/employment/zero/csv/llama-3.1-8b-instruct-run3-raw_finals_of_all_chunks_employment_zero_csv_clean.csv,run3,llama-3.1-8b-instruct-run3,952,18,6.15079365079365,10,1.050420168067227,43,4.516806722689076,55.55555555555556,11239,18,3.137882967049263,0,0.0,0,0.0,0.39683045831970787,3049.551559919389,13606.435776086,0.6815951693161674,17.79218711652981,16.54165643785604,1.250530678673769,0.0,10.204897665411881,62.58426966292134,4.582843713278495,99.55357142857143,100.0
employment,qwen3-coder-30b-a3b-instruct,few,data/generated/qwen3-coder-30b-a3b-instruct-run1/employment/few/csv/qwen3-coder-30b-a3b-instruct-run1-raw_finals_of_all_chunks_employment_few_csv_clean.csv,run1,qwen3-coder-30b-a3b-instruct-run1,1067,18,0.17702801207955846,6,0.5623242736644799,6,0.5623242736644799,100.0,11239,18,3.137882967049263,0,0.0,0,0.0,0.3724506559605456,78.11506864889914,6003.660801968539,0.4320478458398557,17.79218711652981,15.76320984354678,2.0289772729830293,0.0,2.5692137325544957,37.40601503759399,0.0,0.3514526710402999,0.4686035613870665
employment,qwen3-coder-30b-a3b-instruct,one,data/generated/qwen3-coder-30b-a3b-instruct-run1/employment/one/csv/qwen3-coder-30b-a3b-instruct-run1-raw_finals_of_all_chunks_employment_one_csv_clean.csv,run1,qwen3-coder-30b-a3b-instruct-run1,1020,18,0.07080610021786493,6,0.5882352941176471,7,0.6862745098039216,94.44444444444444,11239,18,3.137882967049263,0,0.0,0,0.0,0.49488565897781067,85.07368863783529,6004.4309519696035,0.5124623438151565,17.79218711652981,16.137254901960784,1.6549322145690262,0.0,2.866949527602994,46.4180569185476,0.09823182711198428,53.2843137254902,61.86274509803922
employment,qwen3-coder-30b-a3b-instruct,zero,data/generated/qwen3-coder-30b-a3b-instruct-run1/employment/zero/csv/qwen3-coder-30b-a3b-instruct-run1-raw_finals_of_all_chunks_employment_zero_csv_clean.csv,run1,qwen3-coder-30b-a3b-instruct-run1,1010,18,0.0,0,0.0,2,0.19801980198019803,94.44444444444444,11239,18,3.137882967049263,0,0.0,0,0.0,0.5127613878144857,85.06270989396977,6006.3274338147185,0.7380342080449764,17.79218711652981,12.5996699669967,5.19251714953311,0.0,3.4016973125884014,91.0891089108911,0.0,99.77722772277228,100.0
employment,qwen3-coder-30b-a3b-instruct,few,data/generated/qwen3-coder-30b-a3b-instruct-run2/employment/few/csv/qwen3-coder-30b-a3b-instruct-run2-raw_finals_of_all_chunks_employment_few_csv_clean.csv,run2,qwen3-coder-30b-a3b-instruct-run2,1052,18,0.0,3,0.28517110266159695,3,0.28517110266159695,22.22222222222222,11239,18,3.137882967049263,0,0.0,0,0.0,0.3744796810573949,84.10151316663367,6153.587096671684,0.46209404674055454,17.79218711652981,15.736058301647654,2.0561288148821557,0.0,1.0941960038058993,43.536121673003805,0.09514747859181732,0.38022813688212925,0.5703422053231939
employment,qwen3-coder-30b-a3b-instruct,one,data/generated/qwen3-coder-30b-a3b-instruct-run2/employment/one/csv/qwen3-coder-30b-a3b-instruct-run2-raw_finals_of_all_chunks_employment_one_csv_clean.csv,run2,qwen3-coder-30b-a3b-instruct-run2,1051,18,0.04228776826302992,7,0.6660323501427212,7,0.6660323501427212,88.88888888888889,11239,18,3.137882967049263,0,0.0,0,0.0,0.5163597747640992,85.9785542095018,6005.519927332411,0.48032814817445746,17.79218711652981,15.732309969341367,2.059877147188443,0.0,3.1146688932471176,36.38095238095238,0.09532888465204957,39.10561370123692,45.19505233111323
employment,qwen3-coder-30b-a3b-instruct,zero,data/generated/qwen3-coder-30b-a3b-instruct-run2/employment/zero/csv/qwen3-coder-30b-a3b-instruct-run2-raw_finals_of_all_chunks_employment_zero_csv_clean.csv,run2,qwen3-coder-30b-a3b-instruct-run2,1018,18,0.0,0,0.0,4,0.3929273084479371,94.44444444444444,11239,18,3.137882967049263,0,0.0,0,0.0,0.4814314180378852,82.35835261078144,6007.2721126412225,0.7338213603530476,17.79218711652981,12.038310412573674,5.753876703956136,0.0,1.999719337636823,89.29273084479371,0.0,99.77897838899804,100.0
employment,qwen3-coder-30b-a3b-instruct,few,data/generated/qwen3-coder-30b-a3b-instruct-run3/employment/few/csv/qwen3-coder-30b-a3b-instruct-run3-raw_finals_of_all_chunks_employment_few_csv_clean.csv,run3,qwen3-coder-30b-a3b-instruct-run3,1031,18,0.10777023386140748,6,0.5819592628516004,6,0.5819592628516004,88.88888888888889,11239,18,3.137882967049263,0,0.0,0,0.0,0.39273194488702284,79.89814844940886,6002.571667308114,0.384128812058077,17.79218711652981,16.21370837374717,1.5784787427826394,0.0,1.4771232430500654,28.98832684824903,0.09737098344693282,2.6430649854510184,6.595538312318137
employment,qwen3-coder-30b-a3b-instruct,one,data/generated/qwen3-coder-30b-a3b-instruct-run3/employment/one/csv/qwen3-coder-30b-a3b-instruct-run3-raw_finals_of_all_chunks_employment_one_csv_clean.csv,run3,qwen3-coder-30b-a3b-instruct-run3,1019,18,0.0,7,0.6869479882237487,7,0.6869479882237487,94.44444444444444,11239,18,3.137882967049263,0,0.0,0,0.0,0.5341032996995982,85.52005333364357,6004.875786583881,0.5223475872827295,17.79218711652981,15.701014066077855,2.091173050451955,0.0,5.0399551380905665,47.98822374877331,0.0,51.64376840039254,53.4838076545633
employment,qwen3-coder-30b-a3b-instruct,zero,data/generated/qwen3-coder-30b-a3b-instruct-run3/employment/zero/csv/qwen3-coder-30b-a3b-instruct-run3-raw_finals_of_all_chunks_employment_zero_csv_clean.csv,run3,qwen3-coder-30b-a3b-instruct-run3,1027,18,0.21097046413502107,0,0.0,2,0.19474196689386564,94.44444444444444,11239,18,3.137882967049263,0,0.0,0,0.0,0.5308385649661215,84.08163171552522,6005.919363760561,0.7583727343373095,17.79218711652981,12.814995131450829,4.977191985078981,0.0,0.05569516507268833,93.07992202729045,0.0,99.8539435248296,100.0
lending,kimi-k2-instruct-0905,few,data/generated/kimi-k2-instruct-0905-run1/lending/few/csv/kimi-k2-instruct-0905-run1-raw_finals_of_all_chunks_lending_few_csv_clean.csv,run1,kimi-k2-instruct-0905-run1,834,58,5.271644753162987,0,0.0,2,0.2398081534772182,39.6551724137931,12229298,58,16.23392051809825,32748,0.26778315484666415,5006136,40.935595812613286,0.3693571308932501,48475910.686597295,52796856.159989886,0.3498856890269015,2.0,2.015587529976019,0.015587529976019088,0.0,4.957537633817178,22.34095804078175,,0.0,0.0
lending,kimi-k2-instruct-0905,one,data/generated/kimi-k2-instruct-0905-run1/lending/one/csv/kimi-k2-instruct-0905-run1-raw_finals_of_all_chunks_lending_one_csv_clean.csv,run1,kimi-k2-instruct-0905-run1,1011,58,4.856918721648078,0,0.0,0,0.0,70.6896551724138,12229298,58,16.23392051809825,32748,0.26778315484666415,5006136,40.935595812613286,0.541824385594429,476194241.14199907,410796698.8715347,0.7235238959775839,2.0,6.097029702970297,4.097029702970297,0.0,4.021137475183135,84.00791867196764,,48.367952522255194,48.367952522255194
lending,kimi-k2-instruct-0905,zero,data/generated/kimi-k2-instruct-0905-run1/lending/zero/csv/kimi-k2-instruct-0905-run1-raw_finals_of_all_chunks_lending_zero_csv_clean.csv,run1,kimi-k2-instruct-0905-run1,1040,58,10.905172413793103,0,0.0,1,0.09615384615384616,50.0,12229298,58,16.23392051809825,32748,0.26778315484666415,5006136,40.935595812613286,0.8248959844711427,34061.78231900978,309963.3328329234,0.8325546111576978,2.0,8.296153846153846,6.296153846153846,0.0,2.9667616122362754,93.08415270250914,,45.48076923076923,45.48076923076923
lending,kimi-k2-instruct-0905,few,data/generated/kimi-k2-instruct-0905-run2/lending/few/csv/kimi-k2-instruct-0905-run2-raw_finals_of_all_chunks_lending_few_csv_clean.csv,run2,kimi-k2-instruct-0905-run2,704,58,5.2532327586206895,0,0.0,0,0.0,39.6551724137931,12229298,58,16.23392051809825,32748,0.26778315484666415,5006136,40.935595812613286,0.36128550221757166,113263958.87326965,62084586.186139956,0.39429382170554217,2.0,2.0113636363636362,0.011363636363636243,0.0,6.932765999819451,28.63071687053223,,1.4204545454545454,1.4204545454545454
lending,kimi-k2-instruct-0905,one,data/generated/kimi-k2-instruct-0905-run2/lending/one/csv/kimi-k2-instruct-0905-run2-raw_finals_of_all_chunks_lending_one_csv_clean.csv,run2,kimi-k2-instruct-0905-run2,1030,58,6.163374623367927,0,0.0,0,0.0,72.41379310344827,12229298,58,16.23392051809825,32748,0.26778315484666415,5006136,40.935595812613286,0.5298585431649921,545238157.9578387,437005203.8765917,0.6757853139566523,2.0,6.157281553398058,4.157281553398058,0.0,3.7164032115520804,74.48807687503708,,34.85436893203884,34.85436893203884
lending,kimi-k2-instruct-0905,zero,data/generated/kimi-k2-instruct-0905-run2/lending/zero/csv/kimi-k2-instruct-0905-run2-raw_finals_of_all_chunks_lending_zero_csv_clean.csv,run2,kimi-k2-instruct-0905-run2,863,58,10.059136132976386,0,0.0,2,0.2317497103128621,43.103448275862064,12229298,58,16.23392051809825,32748,0.26778315484666415,5006136,40.935595812613286,0.571569912764618,422706258.93189347,7201289.534120884,0.6913750525114974,2.0,1.8482039397450754,0.15179606025492465,0.0,1.894768126835235,63.861294164551076,,0.0,0.0
lending,kimi-k2-instruct-0905,few,data/generated/kimi-k2-instruct-0905-run3/lending/few/csv/kimi-k2-instruct-0905-run3-raw_finals_of_all_chunks_lending_few_csv_clean.csv,run3,kimi-k2-instruct-0905-run3,581,58,6.341622648228381,21,3.614457831325301,22,3.7865748709122204,77.58620689655173,12229298,58,16.23392051809825,32748,0.26778315484666415,5006136,40.935595812613286,0.378449336637205,65497567.58885367,50929688.28323089,0.3212996504096801,2.0,2.0,0.0,0.0,4.180858978473805,15.783731922796525,,0.0,0.0
lending,kimi-k2-instruct-0905,one,data/generated/kimi-k2-instruct-0905-run3/lending/one/csv/kimi-k2-instruct-0905-run3-raw_finals_of_all_chunks_lending_one_csv_clean.csv,run3,kimi-k2-instruct-0905-run3,1014,58,6.66700673331973,0,0.0,0,0.0,65.51724137931035,12229298,58,16.23392051809825,32748,0.26778315484666415,5006136,40.935595812613286,0.5399640305031251,566303997.7521999,417249768.6476476,0.7015972829615716,2.0,5.828232971372162,3.828232971372162,0.0,2.8065348140561355,77.77159884255609,,19.42800788954635,19.42800788954635
lending,kimi-k2-instruct-0905,zero,data/generated/kimi-k2-instruct-0905-run3/lending/zero/csv/kimi-k2-instruct-0905-run3-raw_finals_of_all_chunks_lending_zero_csv_clean.csv,run3,kimi-k2-instruct-0905-run3,830,58,8.734939759036145,0,0.0,7,0.8433734939759037,50.0,12229298,58,16.23392051809825,32748,0.26778315484666415,5006136,40.935595812613286,0.5892117168527452,516759958.1524294,111817051.4576242,0.6993453147464039,2.0,1.8349397590361445,0.16506024096385552,0.0,3.472591377707935,64.81081823038207,,0.3614457831325301,0.3614457831325301
lending,llama-3.1-8b-instruct,few,data/generated/llama-3.1-8b-instruct-run1/lending/few/csv/llama-3.1-8b-instruct-run1-raw_finals_of_all_chunks_lending_few_csv_clean.csv,run1,llama-3.1-8b-instruct-run1,984,58,23.42479674796748,15,1.524390243902439,37,3.760162601626017,39.6551724137931,12229298,58,16.23392051809825,32748,0.26778315484666415,5006136,40.935595812613286,0.4261311578211048,758004686.2045275,2621992917.1668344,0.5472396258690618,2.0,2.4451219512195124,0.44512195121951237,0.0,10.634994852410028,38.822038175310794,,61.68699186991869,61.68699186991869
lending,llama-3.1-8b-instruct,one,data/generated/llama-3.1-8b-instruct-run1/lending/one/csv/llama-3.1-8b-instruct-run1-raw_finals_of_all_chunks_lending_one_csv_clean.csv,run1,llama-3.1-8b-instruct-run1,967,58,28.185286880861533,59,6.10134436401241,156,16.132368148914168,39.6551724137931,12229298,58,16.23392051809825,32748,0.26778315484666415,5006136,40.935595812613286,0.5425255828539927,428787556.8220233,280411798.1176299,0.5796448082084433,2.0,2.0269005847953214,0.026900584795321425,0.0,8.801673628577037,39.519694453292416,,80.66184074457084,80.66184074457084
lending,llama-3.1-8b-instruct,zero,data/generated/llama-3.1-8b-instruct-run1/lending/zero/csv/llama-3.1-8b-instruct-run1-raw_finals_of_all_chunks_lending_zero_csv_clean.csv,run1,llama-3.1-8b-instruct-run1,964,58,16.568893976248393,1,0.1037344398340249,86,8.921161825726141,39.6551724137931,12229298,58,16.23392051809825,32748,0.26778315484666415,5006136,40.935595812613286,0.6620881929984022,608759132.2685518,226682837.7344289,0.7457994441815782,2.0,2.104771784232365,0.10477178423236522,0.0,10.248294765062017,76.71210074302807,,24.896265560165975,24.896265560165975
lending,llama-3.1-8b-instruct,few,data/generated/llama-3.1-8b-instruct-run2/lending/few/csv/llama-3.1-8b-instruct-run2-raw_finals_of_all_chunks_lending_few_csv_clean.csv,run2,llama-3.1-8b-instruct-run2,1034,58,23.926165543920497,6,0.5802707930367506,33,3.1914893617021276,39.6551724137931,12229298,58,16.23392051809825,32748,0.26778315484666415,5006136,40.935595812613286,0.48715206193720473,78667714.56997684,330609706.4332097,0.5507393655905263,2.0,3.031,1.0310000000000001,0.0,13.061297482922487,42.06398798612327,,83.84912959381045,83.84912959381045
lending,llama-3.1-8b-instruct,one,data/generated/llama-3.1-8b-instruct-run2/lending/one/csv/llama-3.1-8b-instruct-run2-raw_finals_of_all_chunks_lending_one_csv_clean.csv,run2,llama-3.1-8b-instruct-run2,1013,58,26.052694284644453,0,0.0,6,0.5923000987166831,39.6551724137931,12229298,58,16.23392051809825,32748,0.26778315484666415,5006136,40.935595812613286,0.5463171963633789,472007351.5820728,185156139.01020166,0.5276490713095028,2.0,2.0069101678183614,0.006910167818361401,0.0,10.63888336982017,26.73672241666703,,73.54392892398816,73.54392892398816
lending,llama-3.1-8b-instruct,zero,data/generated/llama-3.1-8b-instruct-run2/lending/zero/csv/llama-3.1-8b-instruct-run2-raw_finals_of_all_chunks_lending_zero_csv_clean.csv,run2,llama-3.1-8b-instruct-run2,1011,58,18.054844981070296,2,0.19782393669634024,23,2.274975272007913,39.6551724137931,12229298,58,16.23392051809825,32748,0.26778315484666415,5006136,40.935595812613286,0.6714556738664131,548930238.5735635,85260525.54436521,0.7471123613264253,2.0,2.1374876360039563,0.1374876360039563,0.0,9.710788361755332,80.63569063652488,,26.013847675568748,26.013847675568748
lending,llama-3.1-8b-instruct,few,data/generated/llama-3.1-8b-instruct-run3/lending/few/csv/llama-3.1-8b-instruct-run3-raw_finals_of_all_chunks_lending_few_csv_clean.csv,run3,llama-3.1-8b-instruct-run3,1018,58,21.834564053925888,28,2.75049115913556,43,4.223968565815324,39.6551724137931,12229298,58,16.23392051809825,32748,0.26778315484666415,5006136,40.935595812613286,0.4192233905141616,267819950.30199167,971525560.2109252,0.5028976290591524,2.0,2.2701375245579567,0.2701375245579567,0.0,8.718129731343131,31.208373535566203,,67.68172888015717,67.68172888015717
lending,llama-3.1-8b-instruct,one,data/generated/llama-3.1-8b-instruct-run3/lending/one/csv/llama-3.1-8b-instruct-run3-raw_finals_of_all_chunks_lending_one_csv_clean.csv,run3,llama-3.1-8b-instruct-run3,975,58,36.15915119363395,139,14.256410256410257,155,15.897435897435896,39.6551724137931,12229298,58,16.23392051809825,32748,0.26778315484666415,5006136,40.935595812613286,0.49811983204198396,389214800.3162156,160333857.65421426,0.5708541992150942,2.0,2.451005025125628,0.4510050251256281,0.0,7.940442239534291,36.477563212035356,,56.717948717948715,56.717948717948715
lending,llama-3.1-8b-instruct,zero,data/generated/llama-3.1-8b-instruct-run3/lending/zero/csv/llama-3.1-8b-instruct-run3-raw_finals_of_all_chunks_lending_zero_csv_clean.csv,run3,llama-3.1-8b-instruct-run3,1040,58,18.98209549071618,0,0.0,78,7.5,41.37931034482759,12229298,58,16.23392051809825,32748,0.26778315484666415,5006136,40.935595812613286,0.7041318913012463,4157182619.492843,20468074451.67275,0.751313826644712,2.0,2.0,0.0,0.0,9.031030654122274,79.53431732810714,,39.03846153846154,39.03846153846154
lending,qwen3-coder-30b-a3b-instruct,few,data/generated/qwen3-coder-30b-a3b-instruct-run1/lending/few/csv/qwen3-coder-30b-a3b-instruct-run1-raw_finals_of_all_chunks_lending_few_csv_clean.csv,run1,qwen3-coder-30b-a3b-instruct-run1,456,58,16.43224440411373,52,11.403508771929824,57,12.5,62.06896551724138,12229298,58,16.23392051809825,32748,0.26778315484666415,5006136,40.935595812613286,0.3105327024624434,97279266.96154253,147777680.23279575,0.4794939115371461,2.0,2.002202643171806,0.0022026431718060735,0.0,6.311828648407034,40.091935416532586,,29.166666666666668,29.166666666666668
lending,qwen3-coder-30b-a3b-instruct,one,data/generated/qwen3-coder-30b-a3b-instruct-run1/lending/one/csv/qwen3-coder-30b-a3b-instruct-run1-raw_finals_of_all_chunks_lending_one_csv_clean.csv,run1,qwen3-coder-30b-a3b-instruct-run1,425,58,13.63894523326572,13,3.058823529411765,24,5.647058823529412,50.0,12229298,58,16.23392051809825,32748,0.26778315484666415,5006136,40.935595812613286,0.46394840587506947,502058786.7435751,277394048.50078875,0.5111799590876692,2.0,2.0141509433962264,0.014150943396226356,0.0,8.547709110932121,38.43350624903849,,71.76470588235294,71.76470588235294
lending,qwen3-coder-30b-a3b-instruct,zero,data/generated/qwen3-coder-30b-a3b-instruct-run1/lending/zero/csv/qwen3-coder-30b-a3b-instruct-run1-raw_finals_of_all_chunks_lending_zero_csv_clean.csv,run1,qwen3-coder-30b-a3b-instruct-run1,513,58,6.338643543725213,0,0.0,7,1.364522417153996,32.758620689655174,12229298,58,16.23392051809825,32748,0.26778315484666415,5006136,40.935595812613286,0.6430351416778398,622963470.8456209,380838752.5729673,0.7194551626531276,2.0,3.935420743639922,1.9354207436399218,0.0,7.938520658749941,74.49108349565078,,23.00194931773879,23.00194931773879
lending,qwen3-coder-30b-a3b-instruct,few,data/generated/qwen3-coder-30b-a3b-instruct-run2/lending/few/csv/qwen3-coder-30b-a3b-instruct-run2-raw_finals_of_all_chunks_lending_few_csv_clean.csv,run2,qwen3-coder-30b-a3b-instruct-run2,630,58,15.821018062397375,22,3.492063492063492,57,9.047619047619047,62.06896551724138,12229298,58,16.23392051809825,32748,0.26778315484666415,5006136,40.935595812613286,0.3112800063295544,75323418.30387972,239850033.58205402,0.45690008191899184,2.0,2.0047694753577106,0.004769475357710551,0.0,7.279321097404785,34.335062832443256,,32.38095238095238,32.38095238095238
lending,qwen3-coder-30b-a3b-instruct,one,data/generated/qwen3-coder-30b-a3b-instruct-run2/lending/one/csv/qwen3-coder-30b-a3b-instruct-run2-raw_finals_of_all_chunks_lending_one_csv_clean.csv,run2,qwen3-coder-30b-a3b-instruct-run2,461,58,11.84830578203306,12,2.6030368763557483,13,2.8199566160520604,55.172413793103445,12229298,58,16.23392051809825,32748,0.26778315484666415,5006136,40.935595812613286,0.5149827835373261,509580825.2704509,260064411.76402494,0.5233926265737716,2.0,2.0543478260869565,0.05434782608695654,0.0,8.355103254545853,43.20823323206526,,90.88937093275487,90.88937093275487
lending,qwen3-coder-30b-a3b-instruct,zero,data/generated/qwen3-coder-30b-a3b-instruct-run2/lending/zero/csv/qwen3-coder-30b-a3b-instruct-run2-raw_finals_of_all_chunks_lending_zero_csv_clean.csv,run2,qwen3-coder-30b-a3b-instruct-run2,703,58,5.245990091725119,43,6.116642958748222,95,13.513513513513514,34.48275862068966,12229298,58,16.23392051809825,32748,0.26778315484666415,5006136,40.935595812613286,0.6281248438409032,609072710.780516,355268315.822218,0.7054499510518265,2.0,1.9502133712660028,0.049786628733997196,0.0,5.854461701587804,72.74695147664741,,3.4139402560455197,3.4139402560455197
lending,qwen3-coder-30b-a3b-instruct,few,data/generated/qwen3-coder-30b-a3b-instruct-run3/lending/few/csv/qwen3-coder-30b-a3b-instruct-run3-raw_finals_of_all_chunks_lending_few_csv_clean.csv,run3,qwen3-coder-30b-a3b-instruct-run3,629,58,16.989200153500356,90,14.308426073131955,94,14.94435612082671,68.96551724137932,12229298,58,16.23392051809825,32748,0.26778315484666415,5006136,40.935595812613286,0.2744947880278795,48047612.01496738,60645867.94649975,0.39616247718402464,2.0,2.0286168521462637,0.02861685214626375,0.0,7.079287947721349,26.275927946709384,,33.54531001589825,33.54531001589825
lending,qwen3-coder-30b-a3b-instruct,one,data/generated/qwen3-coder-30b-a3b-instruct-run3/lending/one/csv/qwen3-coder-30b-a3b-instruct-run3-raw_finals_of_all_chunks_lending_one_csv_clean.csv,run3,qwen3-coder-30b-a3b-instruct-run3,505,58,11.812905428473881,17,3.3663366336633667,42,8.316831683168317,60.3448275862069,12229298,58,16.23392051809825,32748,0.26778315484666415,5006136,40.935595812613286,0.5110369161409332,280598984.2403691,5082570866.939953,0.5336842270324194,2.0,2.0139442231075697,0.013944223107569709,0.0,7.457680968274739,44.59416481428198,,93.46534653465348,93.46534653465348
lending,qwen3-coder-30b-a3b-instruct,zero,data/generated/qwen3-coder-30b-a3b-instruct-run3/lending/zero/csv/qwen3-coder-30b-a3b-instruct-run3-raw_finals_of_all_chunks_lending_zero_csv_clean.csv,run3,qwen3-coder-30b-a3b-instruct-run3,764,58,6.255641812601552,52,6.806282722513089,69,9.031413612565444,36.206896551724135,12229298,58,16.23392051809825,32748,0.26778315484666415,5006136,40.935595812613286,0.7951023202436365,596143033.0291445,347726808.85295504,0.8028507544827331,2.0,4.072178477690288,2.0721784776902883,0.0,4.833835804499195,95.8398953399696,,6.020942408376963,6.020942408376963
